SKU;Nome do Produto;Preco;Estoque;Categoria;Link Imagem Principal;Mercado Livre ID;Descricao
"FS-BRINCO_AZUL_COMPACTO_01";"Brinco Azul Compacto Semijoia Banhada Ouro 18k Ref 01";"40";"1";"Brincos";"http://http2.mlstatic.com/D_NQ_NP_600473-MLB115353244663_072026-F.jpg";"MLB7296469508";"Brinco Azul Compacto Semijoia Banhada Ouro 18k Ref 01 - Fashion Shine 📷 ANÚNCIO COM GALERIA COMPLETA: Inclui 2 fotos em alta resolução mostrando diferentes ângulos e detalhes reais da peça. Semijoia fina de altíssima qualidade com banho nobre antialérgico, desenvolvida para realçar a beleza e elegância feminina em qualquer ocasião. FICHA TÉCNICA: - Marca: Fashion Shine - Categoria: Brincos - Banho: Ouro 18k / Ródio Nobre Hipoalergênico (Livre de Níquel) - Código SKU: FS-BRINCO_AZUL_COMPACTO_01 - Preço: R$ 40,00 - Condição: Produto Novo e Embalado - Estoque: Pronta Entrega (1 unidade) DIFERENCIAIS DA MARCA FASHION SHINE: ✔ Verniz de proteção de alta durabilidade (brilho prolongado). ✔ Design moderno, leve e sofisticado. ✔ Acabamento artesanal com rigoroso controle de qualidade. ✔ Excelente opção para presentear alguém especial. DICAS DE CONSERVAÇÃO: - Evite contato direto com perfumes, cremes e produtos químicos. - Retire suas peças antes de tomar banho de mar ou piscina. - Guarde individualmente em local seco e protegido da luz. Garantia de satisfação e envio imediato com nota fiscal."
"FS-BRINCO_AZUL_COMPACTO_02";"Brinco Azul Compacto Semijoia Banhada Ouro 18k Ref 02";"40";"1";"Brincos";"http://http2.mlstatic.com/D_NQ_NP_645853-MLB115353097923_072026-F.jpg";"MLB7296469604";"Brinco Azul Compacto Semijoia Banhada Ouro 18k Ref 02 - Fashion Shine 📷 ANÚNCIO COM GALERIA COMPLETA: Inclui 2 fotos em alta resolução mostrando diferentes ângulos e detalhes reais da peça. Semijoia fina de altíssima qualidade com banho nobre antialérgico, desenvolvida para realçar a beleza e elegância feminina em qualquer ocasião. FICHA TÉCNICA: - Marca: Fashion Shine - Categoria: Brincos - Banho: Ouro 18k / Ródio Nobre Hipoalergênico (Livre de Níquel) - Código SKU: FS-BRINCO_AZUL_COMPACTO_02 - Preço: R$ 40,00 - Condição: Produto Novo e Embalado - Estoque: Pronta Entrega (1 unidade) DIFERENCIAIS DA MARCA FASHION SHINE: ✔ Verniz de proteção de alta durabilidade (brilho prolongado). ✔ Design moderno, leve e sofisticado. ✔ Acabamento artesanal com rigoroso controle de qualidade. ✔ Excelente opção para presentear alguém especial. DICAS DE CONSERVAÇÃO: - Evite contato direto com perfumes, cremes e produtos químicos. - Retire suas peças antes de tomar banho de mar ou piscina. - Guarde individualmente em local seco e protegido da luz. Garantia de satisfação e envio imediato com nota fiscal."
"FS-BRINCO_AZUL_COMPACTO_03";"Brinco Azul Compacto Semijoia Banhada Ouro 18k Ref 03";"40";"1";"Brincos";"http://http2.mlstatic.com/D_NQ_NP_916302-MLB115353363631_072026-F.jpg";"MLB7296469682";"Brinco Azul Compacto Semijoia Banhada Ouro 18k Ref 03 - Fashion Shine Semijoia fina de altíssima qualidade com banho nobre antialérgico, desenvolvida para realçar a beleza e elegância feminina em qualquer ocasião. FICHA TÉCNICA: - Marca: Fashion Shine - Categoria: Brincos - Banho: Ouro 18k / Ródio Nobre Hipoalergênico (Livre de Níquel) - Código SKU: FS-BRINCO_AZUL_COMPACTO_03 - Preço: R$ 40,00 - Condição: Produto Novo e Embalado - Estoque: Pronta Entrega (1 unidade) DIFERENCIAIS DA MARCA FASHION SHINE: ✔ Verniz de proteção de alta durabilidade (brilho prolongado). ✔ Design moderno, leve e sofisticado. ✔ Acabamento artesanal com rigoroso controle de qualidade. ✔ Excelente opção para presentear alguém especial. DICAS DE CONSERVAÇÃO: - Evite contato direto com perfumes, cremes e produtos químicos. - Retire suas peças antes de tomar banho de mar ou piscina. - Guarde individualmente em local seco e protegido da luz. Garantia de satisfação e envio imediato com nota fiscal."
"FS-BRINCO_AZUL_COMPACTO_04";"Brinco Azul Compacto Semijoia Banhada Ouro 18k Ref 04";"40";"1";"Brincos";"http://http2.mlstatic.com/D_NQ_NP_663002-MLB114032889338_072026-F.jpg";"MLB7296495394";"Brinco Azul Compacto Semijoia Banhada Ouro 18k Ref 04 - Fashion Shine Semijoia fina de altíssima qualidade com banho nobre antialérgico, desenvolvida para realçar a beleza e elegância feminina em qualquer ocasião. FICHA TÉCNICA: - Marca: Fashion Shine - Categoria: Brincos - Banho: Ouro 18k / Ródio Nobre Hipoalergênico (Livre de Níquel) - Código SKU: FS-BRINCO_AZUL_COMPACTO_04 - Preço: R$ 40,00 - Condição: Produto Novo e Embalado - Estoque: Pronta Entrega (1 unidade) DIFERENCIAIS DA MARCA FASHION SHINE: ✔ Verniz de proteção de alta durabilidade (brilho prolongado). ✔ Design moderno, leve e sofisticado. ✔ Acabamento artesanal com rigoroso controle de qualidade. ✔ Excelente opção para presentear alguém especial. DICAS DE CONSERVAÇÃO: - Evite contato direto com perfumes, cremes e produtos químicos. - Retire suas peças antes de tomar banho de mar ou piscina. - Guarde individualmente em local seco e protegido da luz. Garantia de satisfação e envio imediato com nota fiscal."
"FS-BRINCO_AZUL_COMPACTO_05";"Brinco Azul Compacto Semijoia Banhada Ouro 18k Ref 05";"40";"1";"Brincos";"http://http2.mlstatic.com/D_NQ_NP_919880-MLB115352951293_072026-F.jpg";"MLB7296482720";"Brinco Azul Compacto Semijoia Banhada Ouro 18k Ref 05 - Fashion Shine Semijoia fina de altíssima qualidade com banho nobre antialérgico, desenvolvida para realçar a beleza e elegância feminina em qualquer ocasião. FICHA TÉCNICA: - Marca: Fashion Shine - Categoria: Brincos - Banho: Ouro 18k / Ródio Nobre Hipoalergênico (Livre de Níquel) - Código SKU: FS-BRINCO_AZUL_COMPACTO_05 - Preço: R$ 40,00 - Condição: Produto Novo e Embalado - Estoque: Pronta Entrega (1 unidade) DIFERENCIAIS DA MARCA FASHION SHINE: ✔ Verniz de proteção de alta durabilidade (brilho prolongado). ✔ Design moderno, leve e sofisticado. ✔ Acabamento artesanal com rigoroso controle de qualidade. ✔ Excelente opção para presentear alguém especial. DICAS DE CONSERVAÇÃO: - Evite contato direto com perfumes, cremes e produtos químicos. - Retire suas peças antes de tomar banho de mar ou piscina. - Guarde individualmente em local seco e protegido da luz. Garantia de satisfação e envio imediato com nota fiscal."
"FS-BRINCO_AZUL_COMPACTO_06";"Brinco Azul Compacto Semijoia Banhada Ouro 18k Ref 06";"40";"1";"Brincos";"http://http2.mlstatic.com/D_NQ_NP_627553-MLB115352922857_072026-F.jpg";"MLB7296495658";"Brinco Azul Compacto Semijoia Banhada Ouro 18k Ref 06 - Fashion Shine Semijoia fina de altíssima qualidade com banho nobre antialérgico, desenvolvida para realçar a beleza e elegância feminina em qualquer ocasião. FICHA TÉCNICA: - Marca: Fashion Shine - Categoria: Brincos - Banho: Ouro 18k / Ródio Nobre Hipoalergênico (Livre de Níquel) - Código SKU: FS-BRINCO_AZUL_COMPACTO_06 - Preço: R$ 40,00 - Condição: Produto Novo e Embalado - Estoque: Pronta Entrega (1 unidade) DIFERENCIAIS DA MARCA FASHION SHINE: ✔ Verniz de proteção de alta durabilidade (brilho prolongado). ✔ Design moderno, leve e sofisticado. ✔ Acabamento artesanal com rigoroso controle de qualidade. ✔ Excelente opção para presentear alguém especial. DICAS DE CONSERVAÇÃO: - Evite contato direto com perfumes, cremes e produtos químicos. - Retire suas peças antes de tomar banho de mar ou piscina. - Guarde individualmente em local seco e protegido da luz. Garantia de satisfação e envio imediato com nota fiscal."
"FS-BRINCO_AZUL_LONGO_01";"Brinco Azul Longo Semijoia Banhada Ouro 18k Ref 01";"40";"1";"Brincos";"http://http2.mlstatic.com/D_NQ_NP_673831-MLB115352894041_072026-F.jpg";"MLB7296470120";"Brinco Azul Longo Semijoia Banhada Ouro 18k Ref 01 - Fashion Shine Semijoia fina de altíssima qualidade com banho nobre antialérgico, desenvolvida para realçar a beleza e elegância feminina em qualquer ocasião. FICHA TÉCNICA: - Marca: Fashion Shine - Categoria: Brincos - Banho: Ouro 18k / Ródio Nobre Hipoalergênico (Livre de Níquel) - Código SKU: FS-BRINCO_AZUL_LONGO_01 - Preço: R$ 40,00 - Condição: Produto Novo e Embalado - Estoque: Pronta Entrega (1 unidade) DIFERENCIAIS DA MARCA FASHION SHINE: ✔ Verniz de proteção de alta durabilidade (brilho prolongado). ✔ Design moderno, leve e sofisticado. ✔ Acabamento artesanal com rigoroso controle de qualidade. ✔ Excelente opção para presentear alguém especial. DICAS DE CONSERVAÇÃO: - Evite contato direto com perfumes, cremes e produtos químicos. - Retire suas peças antes de tomar banho de mar ou piscina. - Guarde individualmente em local seco e protegido da luz. Garantia de satisfação e envio imediato com nota fiscal."
"FS-BRINCO_AZUL_LONGO_02";"Brinco Azul Longo Semijoia Banhada Ouro 18k Ref 02";"40";"1";"Brincos";"http://http2.mlstatic.com/D_NQ_NP_835228-MLB115353156913_072026-F.jpg";"MLB7296470206";"Brinco Azul Longo Semijoia Banhada Ouro 18k Ref 02 - Fashion Shine 📷 ANÚNCIO COM GALERIA COMPLETA: Inclui 2 fotos em alta resolução mostrando diferentes ângulos e detalhes reais da peça. Semijoia fina de altíssima qualidade com banho nobre antialérgico, desenvolvida para realçar a beleza e elegância feminina em qualquer ocasião. FICHA TÉCNICA: - Marca: Fashion Shine - Categoria: Brincos - Banho: Ouro 18k / Ródio Nobre Hipoalergênico (Livre de Níquel) - Código SKU: FS-BRINCO_AZUL_LONGO_02 - Preço: R$ 40,00 - Condição: Produto Novo e Embalado - Estoque: Pronta Entrega (1 unidade) DIFERENCIAIS DA MARCA FASHION SHINE: ✔ Verniz de proteção de alta durabilidade (brilho prolongado). ✔ Design moderno, leve e sofisticado. ✔ Acabamento artesanal com rigoroso controle de qualidade. ✔ Excelente opção para presentear alguém especial. DICAS DE CONSERVAÇÃO: - Evite contato direto com perfumes, cremes e produtos químicos. - Retire suas peças antes de tomar banho de mar ou piscina. - Guarde individualmente em local seco e protegido da luz. Garantia de satisfação e envio imediato com nota fiscal."
"FS-BRINCO_DOURADO_COMPACTO_01";"Brinco Dourado Compacto Semijoia Banhada Ouro 18k Ref 01";"40";"1";"Brincos";"http://http2.mlstatic.com/D_NQ_NP_708160-MLB115353245191_072026-F.jpg";"MLB7296470300";"Brinco Dourado Compacto Semijoia Banhada Ouro 18k Ref 01 - Fashion Shine 📷 ANÚNCIO COM GALERIA COMPLETA: Inclui 3 fotos em alta resolução mostrando diferentes ângulos e detalhes reais da peça. Semijoia fina de altíssima qualidade com banho nobre antialérgico, desenvolvida para realçar a beleza e elegância feminina em qualquer ocasião. FICHA TÉCNICA: - Marca: Fashion Shine - Categoria: Brincos - Banho: Ouro 18k / Ródio Nobre Hipoalergênico (Livre de Níquel) - Código SKU: FS-BRINCO_DOURADO_COMPACTO_01 - Preço: R$ 40,00 - Condição: Produto Novo e Embalado - Estoque: Pronta Entrega (1 unidade) DIFERENCIAIS DA MARCA FASHION SHINE: ✔ Verniz de proteção de alta durabilidade (brilho prolongado). ✔ Design moderno, leve e sofisticado. ✔ Acabamento artesanal com rigoroso controle de qualidade. ✔ Excelente opção para presentear alguém especial. DICAS DE CONSERVAÇÃO: - Evite contato direto com perfumes, cremes e produtos químicos. - Retire suas peças antes de tomar banho de mar ou piscina. - Guarde individualmente em local seco e protegido da luz. Garantia de satisfação e envio imediato com nota fiscal."
"FS-BRINCO_DOURADO_COMPACTO_02";"Brinco Dourado Compacto Semijoia Banhada Ouro 18k Ref 02";"40";"1";"Brincos";"http://http2.mlstatic.com/D_NQ_NP_934700-MLB115353275005_072026-F.jpg";"MLB7296483224";"Brinco Dourado Compacto Semijoia Banhada Ouro 18k Ref 02 - Fashion Shine Semijoia fina de altíssima qualidade com banho nobre antialérgico, desenvolvida para realçar a beleza e elegância feminina em qualquer ocasião. FICHA TÉCNICA: - Marca: Fashion Shine - Categoria: Brincos - Banho: Ouro 18k / Ródio Nobre Hipoalergênico (Livre de Níquel) - Código SKU: FS-BRINCO_DOURADO_COMPACTO_02 - Preço: R$ 40,00 - Condição: Produto Novo e Embalado - Estoque: Pronta Entrega (1 unidade) DIFERENCIAIS DA MARCA FASHION SHINE: ✔ Verniz de proteção de alta durabilidade (brilho prolongado). ✔ Design moderno, leve e sofisticado. ✔ Acabamento artesanal com rigoroso controle de qualidade. ✔ Excelente opção para presentear alguém especial. DICAS DE CONSERVAÇÃO: - Evite contato direto com perfumes, cremes e produtos químicos. - Retire suas peças antes de tomar banho de mar ou piscina. - Guarde individualmente em local seco e protegido da luz. Garantia de satisfação e envio imediato com nota fiscal."
"FS-BRINCO_DOURADO_COMPACTO_03";"Brinco Dourado Compacto Semijoia Banhada Ouro 18k Ref 03";"40";"1";"Brincos";"http://http2.mlstatic.com/D_NQ_NP_939067-MLB115353334555_072026-F.jpg";"MLB7296483282";"Brinco Dourado Compacto Semijoia Banhada Ouro 18k Ref 03 - Fashion Shine Semijoia fina de altíssima qualidade com banho nobre antialérgico, desenvolvida para realçar a beleza e elegância feminina em qualquer ocasião. FICHA TÉCNICA: - Marca: Fashion Shine - Categoria: Brincos - Banho: Ouro 18k / Ródio Nobre Hipoalergênico (Livre de Níquel) - Código SKU: FS-BRINCO_DOURADO_COMPACTO_03 - Preço: R$ 40,00 - Condição: Produto Novo e Embalado - Estoque: Pronta Entrega (1 unidade) DIFERENCIAIS DA MARCA FASHION SHINE: ✔ Verniz de proteção de alta durabilidade (brilho prolongado). ✔ Design moderno, leve e sofisticado. ✔ Acabamento artesanal com rigoroso controle de qualidade. ✔ Excelente opção para presentear alguém especial. DICAS DE CONSERVAÇÃO: - Evite contato direto com perfumes, cremes e produtos químicos. - Retire suas peças antes de tomar banho de mar ou piscina. - Guarde individualmente em local seco e protegido da luz. Garantia de satisfação e envio imediato com nota fiscal."
"FS-BRINCO_DOURADO_COMPACTO_04";"Brinco Dourado Compacto Semijoia Banhada Ouro 18k Ref 04";"40";"1";"Brincos";"http://http2.mlstatic.com/D_NQ_NP_948299-MLB115353011229_072026-F.jpg";"MLB7296470522";"Brinco Dourado Compacto Semijoia Banhada Ouro 18k Ref 04 - Fashion Shine Semijoia fina de altíssima qualidade com banho nobre antialérgico, desenvolvida para realçar a beleza e elegância feminina em qualquer ocasião. FICHA TÉCNICA: - Marca: Fashion Shine - Categoria: Brincos - Banho: Ouro 18k / Ródio Nobre Hipoalergênico (Livre de Níquel) - Código SKU: FS-BRINCO_DOURADO_COMPACTO_04 - Preço: R$ 40,00 - Condição: Produto Novo e Embalado - Estoque: Pronta Entrega (1 unidade) DIFERENCIAIS DA MARCA FASHION SHINE: ✔ Verniz de proteção de alta durabilidade (brilho prolongado). ✔ Design moderno, leve e sofisticado. ✔ Acabamento artesanal com rigoroso controle de qualidade. ✔ Excelente opção para presentear alguém especial. DICAS DE CONSERVAÇÃO: - Evite contato direto com perfumes, cremes e produtos químicos. - Retire suas peças antes de tomar banho de mar ou piscina. - Guarde individualmente em local seco e protegido da luz. Garantia de satisfação e envio imediato com nota fiscal."
"FS-BRINCO_DOURADO_COMPACTO_05";"Brinco Dourado Compacto Semijoia Banhada Ouro 18k Ref 05";"40";"1";"Brincos";"http://http2.mlstatic.com/D_NQ_NP_752479-MLB115353039935_072026-F.jpg";"MLB7296496206";"Brinco Dourado Compacto Semijoia Banhada Ouro 18k Ref 05 - Fashion Shine Semijoia fina de altíssima qualidade com banho nobre antialérgico, desenvolvida para realçar a beleza e elegância feminina em qualquer ocasião. FICHA TÉCNICA: - Marca: Fashion Shine - Categoria: Brincos - Banho: Ouro 18k / Ródio Nobre Hipoalergênico (Livre de Níquel) - Código SKU: FS-BRINCO_DOURADO_COMPACTO_05 - Preço: R$ 40,00 - Condição: Produto Novo e Embalado - Estoque: Pronta Entrega (1 unidade) DIFERENCIAIS DA MARCA FASHION SHINE: ✔ Verniz de proteção de alta durabilidade (brilho prolongado). ✔ Design moderno, leve e sofisticado. ✔ Acabamento artesanal com rigoroso controle de qualidade. ✔ Excelente opção para presentear alguém especial. DICAS DE CONSERVAÇÃO: - Evite contato direto com perfumes, cremes e produtos químicos. - Retire suas peças antes de tomar banho de mar ou piscina. - Guarde individualmente em local seco e protegido da luz. Garantia de satisfação e envio imediato com nota fiscal."
"FS-BRINCO_DOURADO_LARGO_01";"Brinco Dourado Largo Semijoia Banhada Ouro 18k Ref 01";"40";"1";"Brincos";"http://http2.mlstatic.com/D_NQ_NP_729340-MLB114032890012_072026-F.jpg";"MLB7296470640";"Brinco Dourado Largo Semijoia Banhada Ouro 18k Ref 01 - Fashion Shine Semijoia fina de altíssima qualidade com banho nobre antialérgico, desenvolvida para realçar a beleza e elegância feminina em qualquer ocasião. FICHA TÉCNICA: - Marca: Fashion Shine - Categoria: Brincos - Banho: Ouro 18k / Ródio Nobre Hipoalergênico (Livre de Níquel) - Código SKU: FS-BRINCO_DOURADO_LARGO_01 - Preço: R$ 40,00 - Condição: Produto Novo e Embalado - Estoque: Pronta Entrega (1 unidade) DIFERENCIAIS DA MARCA FASHION SHINE: ✔ Verniz de proteção de alta durabilidade (brilho prolongado). ✔ Design moderno, leve e sofisticado. ✔ Acabamento artesanal com rigoroso controle de qualidade. ✔ Excelente opção para presentear alguém especial. DICAS DE CONSERVAÇÃO: - Evite contato direto com perfumes, cremes e produtos químicos. - Retire suas peças antes de tomar banho de mar ou piscina. - Guarde individualmente em local seco e protegido da luz. Garantia de satisfação e envio imediato com nota fiscal."
"FS-BRINCO_DOURADO_LARGO_02";"Brinco Dourado Largo Semijoia Banhada Ouro 18k Ref 02";"40";"1";"Brincos";"http://http2.mlstatic.com/D_NQ_NP_698607-MLB115353275377_072026-F.jpg";"MLB7296496324";"Brinco Dourado Largo Semijoia Banhada Ouro 18k Ref 02 - Fashion Shine Semijoia fina de altíssima qualidade com banho nobre antialérgico, desenvolvida para realçar a beleza e elegância feminina em qualquer ocasião. FICHA TÉCNICA: - Marca: Fashion Shine - Categoria: Brincos - Banho: Ouro 18k / Ródio Nobre Hipoalergênico (Livre de Níquel) - Código SKU: FS-BRINCO_DOURADO_LARGO_02 - Preço: R$ 40,00 - Condição: Produto Novo e Embalado - Estoque: Pronta Entrega (1 unidade) DIFERENCIAIS DA MARCA FASHION SHINE: ✔ Verniz de proteção de alta durabilidade (brilho prolongado). ✔ Design moderno, leve e sofisticado. ✔ Acabamento artesanal com rigoroso controle de qualidade. ✔ Excelente opção para presentear alguém especial. DICAS DE CONSERVAÇÃO: - Evite contato direto com perfumes, cremes e produtos químicos. - Retire suas peças antes de tomar banho de mar ou piscina. - Guarde individualmente em local seco e protegido da luz. Garantia de satisfação e envio imediato com nota fiscal."
"FS-BRINCO_DOURADO_LONGO_01";"Brinco Dourado Longo Semijoia Banhada Ouro 18k Ref 01";"40";"1";"Brincos";"http://http2.mlstatic.com/D_NQ_NP_771668-MLB114032890170_072026-F.jpg";"MLB7296496398";"Brinco Dourado Longo Semijoia Banhada Ouro 18k Ref 01 - Fashion Shine Semijoia fina de altíssima qualidade com banho nobre antialérgico, desenvolvida para realçar a beleza e elegância feminina em qualquer ocasião. FICHA TÉCNICA: - Marca: Fashion Shine - Categoria: Brincos - Banho: Ouro 18k / Ródio Nobre Hipoalergênico (Livre de Níquel) - Código SKU: FS-BRINCO_DOURADO_LONGO_01 - Preço: R$ 40,00 - Condição: Produto Novo e Embalado - Estoque: Pronta Entrega (1 unidade) DIFERENCIAIS DA MARCA FASHION SHINE: ✔ Verniz de proteção de alta durabilidade (brilho prolongado). ✔ Design moderno, leve e sofisticado. ✔ Acabamento artesanal com rigoroso controle de qualidade. ✔ Excelente opção para presentear alguém especial. DICAS DE CONSERVAÇÃO: - Evite contato direto com perfumes, cremes e produtos químicos. - Retire suas peças antes de tomar banho de mar ou piscina. - Guarde individualmente em local seco e protegido da luz. Garantia de satisfação e envio imediato com nota fiscal."
"FS-BRINCO_DOURADO_LONGO_02";"Brinco Dourado Longo Semijoia Banhada Ouro 18k Ref 02";"40";"1";"Brincos";"http://http2.mlstatic.com/D_NQ_NP_719194-MLB115353011577_072026-F.jpg";"MLB7296496508";"Brinco Dourado Longo Semijoia Banhada Ouro 18k Ref 02 - Fashion Shine 📷 ANÚNCIO COM GALERIA COMPLETA: Inclui 3 fotos em alta resolução mostrando diferentes ângulos e detalhes reais da peça. Semijoia fina de altíssima qualidade com banho nobre antialérgico, desenvolvida para realçar a beleza e elegância feminina em qualquer ocasião. FICHA TÉCNICA: - Marca: Fashion Shine - Categoria: Brincos - Banho: Ouro 18k / Ródio Nobre Hipoalergênico (Livre de Níquel) - Código SKU: FS-BRINCO_DOURADO_LONGO_02 - Preço: R$ 40,00 - Condição: Produto Novo e Embalado - Estoque: Pronta Entrega (1 unidade) DIFERENCIAIS DA MARCA FASHION SHINE: ✔ Verniz de proteção de alta durabilidade (brilho prolongado). ✔ Design moderno, leve e sofisticado. ✔ Acabamento artesanal com rigoroso controle de qualidade. ✔ Excelente opção para presentear alguém especial. DICAS DE CONSERVAÇÃO: - Evite contato direto com perfumes, cremes e produtos químicos. - Retire suas peças antes de tomar banho de mar ou piscina. - Guarde individualmente em local seco e protegido da luz. Garantia de satisfação e envio imediato com nota fiscal."
"FS-BRINCO_DOURADO_LONGO_03";"Brinco Dourado Longo Semijoia Banhada Ouro 18k Ref 03";"40";"1";"Brincos";"http://http2.mlstatic.com/D_NQ_NP_646318-MLB115353364735_072026-F.jpg";"MLB7296470948";"Brinco Dourado Longo Semijoia Banhada Ouro 18k Ref 03 - Fashion Shine Semijoia fina de altíssima qualidade com banho nobre antialérgico, desenvolvida para realçar a beleza e elegância feminina em qualquer ocasião. FICHA TÉCNICA: - Marca: Fashion Shine - Categoria: Brincos - Banho: Ouro 18k / Ródio Nobre Hipoalergênico (Livre de Níquel) - Código SKU: FS-BRINCO_DOURADO_LONGO_03 - Preço: R$ 40,00 - Condição: Produto Novo e Embalado - Estoque: Pronta Entrega (1 unidade) DIFERENCIAIS DA MARCA FASHION SHINE: ✔ Verniz de proteção de alta durabilidade (brilho prolongado). ✔ Design moderno, leve e sofisticado. ✔ Acabamento artesanal com rigoroso controle de qualidade. ✔ Excelente opção para presentear alguém especial. DICAS DE CONSERVAÇÃO: - Evite contato direto com perfumes, cremes e produtos químicos. - Retire suas peças antes de tomar banho de mar ou piscina. - Guarde individualmente em local seco e protegido da luz. Garantia de satisfação e envio imediato com nota fiscal."
"FS-BRINCO_DOURADO_LONGO_04";"Brinco Dourado Longo Semijoia Banhada Ouro 18k Ref 04";"40";"1";"Brincos";"http://http2.mlstatic.com/D_NQ_NP_926860-MLB115352923749_072026-F.jpg";"MLB7296470994";"Brinco Dourado Longo Semijoia Banhada Ouro 18k Ref 04 - Fashion Shine Semijoia fina de altíssima qualidade com banho nobre antialérgico, desenvolvida para realçar a beleza e elegância feminina em qualquer ocasião. FICHA TÉCNICA: - Marca: Fashion Shine - Categoria: Brincos - Banho: Ouro 18k / Ródio Nobre Hipoalergênico (Livre de Níquel) - Código SKU: FS-BRINCO_DOURADO_LONGO_04 - Preço: R$ 40,00 - Condição: Produto Novo e Embalado - Estoque: Pronta Entrega (1 unidade) DIFERENCIAIS DA MARCA FASHION SHINE: ✔ Verniz de proteção de alta durabilidade (brilho prolongado). ✔ Design moderno, leve e sofisticado. ✔ Acabamento artesanal com rigoroso controle de qualidade. ✔ Excelente opção para presentear alguém especial. DICAS DE CONSERVAÇÃO: - Evite contato direto com perfumes, cremes e produtos químicos. - Retire suas peças antes de tomar banho de mar ou piscina. - Guarde individualmente em local seco e protegido da luz. Garantia de satisfação e envio imediato com nota fiscal."
"FS-BRINCO_DOURADO_LONGO_05";"Brinco Dourado Longo Semijoia Banhada Ouro 18k Ref 05";"40";"1";"Brincos";"http://http2.mlstatic.com/D_NQ_NP_701893-MLB115353479211_072026-F.jpg";"MLB7296483844";"Brinco Dourado Longo Semijoia Banhada Ouro 18k Ref 05 - Fashion Shine Semijoia fina de altíssima qualidade com banho nobre antialérgico, desenvolvida para realçar a beleza e elegância feminina em qualquer ocasião. FICHA TÉCNICA: - Marca: Fashion Shine - Categoria: Brincos - Banho: Ouro 18k / Ródio Nobre Hipoalergênico (Livre de Níquel) - Código SKU: FS-BRINCO_DOURADO_LONGO_05 - Preço: R$ 40,00 - Condição: Produto Novo e Embalado - Estoque: Pronta Entrega (1 unidade) DIFERENCIAIS DA MARCA FASHION SHINE: ✔ Verniz de proteção de alta durabilidade (brilho prolongado). ✔ Design moderno, leve e sofisticado. ✔ Acabamento artesanal com rigoroso controle de qualidade. ✔ Excelente opção para presentear alguém especial. DICAS DE CONSERVAÇÃO: - Evite contato direto com perfumes, cremes e produtos químicos. - Retire suas peças antes de tomar banho de mar ou piscina. - Guarde individualmente em local seco e protegido da luz. Garantia de satisfação e envio imediato com nota fiscal."
"FS-BRINCO_DOURADO_LONGO_06";"Brinco Dourado Longo Semijoia Banhada Ouro 18k Ref 06";"40";"1";"Brincos";"http://http2.mlstatic.com/D_NQ_NP_884143-MLB115353479277_072026-F.jpg";"MLB7296471152";"Brinco Dourado Longo Semijoia Banhada Ouro 18k Ref 06 - Fashion Shine Semijoia fina de altíssima qualidade com banho nobre antialérgico, desenvolvida para realçar a beleza e elegância feminina em qualquer ocasião. FICHA TÉCNICA: - Marca: Fashion Shine - Categoria: Brincos - Banho: Ouro 18k / Ródio Nobre Hipoalergênico (Livre de Níquel) - Código SKU: FS-BRINCO_DOURADO_LONGO_06 - Preço: R$ 40,00 - Condição: Produto Novo e Embalado - Estoque: Pronta Entrega (1 unidade) DIFERENCIAIS DA MARCA FASHION SHINE: ✔ Verniz de proteção de alta durabilidade (brilho prolongado). ✔ Design moderno, leve e sofisticado. ✔ Acabamento artesanal com rigoroso controle de qualidade. ✔ Excelente opção para presentear alguém especial. DICAS DE CONSERVAÇÃO: - Evite contato direto com perfumes, cremes e produtos químicos. - Retire suas peças antes de tomar banho de mar ou piscina. - Guarde individualmente em local seco e protegido da luz. Garantia de satisfação e envio imediato com nota fiscal."
"FS-BRINCO_DOURADO_LONGO_07";"Brinco Dourado Longo Semijoia Banhada Ouro 18k Ref 07";"40";"1";"Brincos";"http://http2.mlstatic.com/D_NQ_NP_616607-MLB115353335305_072026-F.jpg";"MLB7296471210";"Brinco Dourado Longo Semijoia Banhada Ouro 18k Ref 07 - Fashion Shine Semijoia fina de altíssima qualidade com banho nobre antialérgico, desenvolvida para realçar a beleza e elegância feminina em qualquer ocasião. FICHA TÉCNICA: - Marca: Fashion Shine - Categoria: Brincos - Banho: Ouro 18k / Ródio Nobre Hipoalergênico (Livre de Níquel) - Código SKU: FS-BRINCO_DOURADO_LONGO_07 - Preço: R$ 40,00 - Condição: Produto Novo e Embalado - Estoque: Pronta Entrega (1 unidade) DIFERENCIAIS DA MARCA FASHION SHINE: ✔ Verniz de proteção de alta durabilidade (brilho prolongado). ✔ Design moderno, leve e sofisticado. ✔ Acabamento artesanal com rigoroso controle de qualidade. ✔ Excelente opção para presentear alguém especial. DICAS DE CONSERVAÇÃO: - Evite contato direto com perfumes, cremes e produtos químicos. - Retire suas peças antes de tomar banho de mar ou piscina. - Guarde individualmente em local seco e protegido da luz. Garantia de satisfação e envio imediato com nota fiscal."
"FS-BRINCO_DOURADO_LONGO_08";"Brinco Dourado Longo Semijoia Banhada Ouro 18k Ref 08";"40";"1";"Brincos";"http://http2.mlstatic.com/D_NQ_NP_916937-MLB115353275915_072026-F.jpg";"MLB7296496868";"Brinco Dourado Longo Semijoia Banhada Ouro 18k Ref 08 - Fashion Shine Semijoia fina de altíssima qualidade com banho nobre antialérgico, desenvolvida para realçar a beleza e elegância feminina em qualquer ocasião. FICHA TÉCNICA: - Marca: Fashion Shine - Categoria: Brincos - Banho: Ouro 18k / Ródio Nobre Hipoalergênico (Livre de Níquel) - Código SKU: FS-BRINCO_DOURADO_LONGO_08 - Preço: R$ 40,00 - Condição: Produto Novo e Embalado - Estoque: Pronta Entrega (1 unidade) DIFERENCIAIS DA MARCA FASHION SHINE: ✔ Verniz de proteção de alta durabilidade (brilho prolongado). ✔ Design moderno, leve e sofisticado. ✔ Acabamento artesanal com rigoroso controle de qualidade. ✔ Excelente opção para presentear alguém especial. DICAS DE CONSERVAÇÃO: - Evite contato direto com perfumes, cremes e produtos químicos. - Retire suas peças antes de tomar banho de mar ou piscina. - Guarde individualmente em local seco e protegido da luz. Garantia de satisfação e envio imediato com nota fiscal."
"FS-BRINCO_DOURADO_LONGO_09";"Brinco Dourado Longo Semijoia Banhada Ouro 18k Ref 09";"40";"1";"Brincos";"http://http2.mlstatic.com/D_NQ_NP_745417-MLB115353246171_072026-F.jpg";"MLB7296496930";"Brinco Dourado Longo Semijoia Banhada Ouro 18k Ref 09 - Fashion Shine Semijoia fina de altíssima qualidade com banho nobre antialérgico, desenvolvida para realçar a beleza e elegância feminina em qualquer ocasião. FICHA TÉCNICA: - Marca: Fashion Shine - Categoria: Brincos - Banho: Ouro 18k / Ródio Nobre Hipoalergênico (Livre de Níquel) - Código SKU: FS-BRINCO_DOURADO_LONGO_09 - Preço: R$ 40,00 - Condição: Produto Novo e Embalado - Estoque: Pronta Entrega (1 unidade) DIFERENCIAIS DA MARCA FASHION SHINE: ✔ Verniz de proteção de alta durabilidade (brilho prolongado). ✔ Design moderno, leve e sofisticado. ✔ Acabamento artesanal com rigoroso controle de qualidade. ✔ Excelente opção para presentear alguém especial. DICAS DE CONSERVAÇÃO: - Evite contato direto com perfumes, cremes e produtos químicos. - Retire suas peças antes de tomar banho de mar ou piscina. - Guarde individualmente em local seco e protegido da luz. Garantia de satisfação e envio imediato com nota fiscal."
"FS-BRINCO_DOURADO_LONGO_10";"Brinco Dourado Longo Semijoia Banhada Ouro 18k Ref 10";"40";"1";"Brincos";"http://http2.mlstatic.com/D_NQ_NP_832061-MLB115352924147_072026-F.jpg";"MLB7296471440";"Brinco Dourado Longo Semijoia Banhada Ouro 18k Ref 10 - Fashion Shine Semijoia fina de altíssima qualidade com banho nobre antialérgico, desenvolvida para realçar a beleza e elegância feminina em qualquer ocasião. FICHA TÉCNICA: - Marca: Fashion Shine - Categoria: Brincos - Banho: Ouro 18k / Ródio Nobre Hipoalergênico (Livre de Níquel) - Código SKU: FS-BRINCO_DOURADO_LONGO_10 - Preço: R$ 40,00 - Condição: Produto Novo e Embalado - Estoque: Pronta Entrega (1 unidade) DIFERENCIAIS DA MARCA FASHION SHINE: ✔ Verniz de proteção de alta durabilidade (brilho prolongado). ✔ Design moderno, leve e sofisticado. ✔ Acabamento artesanal com rigoroso controle de qualidade. ✔ Excelente opção para presentear alguém especial. DICAS DE CONSERVAÇÃO: - Evite contato direto com perfumes, cremes e produtos químicos. - Retire suas peças antes de tomar banho de mar ou piscina. - Guarde individualmente em local seco e protegido da luz. Garantia de satisfação e envio imediato com nota fiscal."
"FS-BRINCO_DOURADO_LONGO_11";"Brinco Dourado Longo Semijoia Banhada Ouro 18k Ref 11";"40";"1";"Brincos";"http://http2.mlstatic.com/D_NQ_NP_898572-MLB115353335517_072026-F.jpg";"MLB7296484220";"Brinco Dourado Longo Semijoia Banhada Ouro 18k Ref 11 - Fashion Shine Semijoia fina de altíssima qualidade com banho nobre antialérgico, desenvolvida para realçar a beleza e elegância feminina em qualquer ocasião. FICHA TÉCNICA: - Marca: Fashion Shine - Categoria: Brincos - Banho: Ouro 18k / Ródio Nobre Hipoalergênico (Livre de Níquel) - Código SKU: FS-BRINCO_DOURADO_LONGO_11 - Preço: R$ 40,00 - Condição: Produto Novo e Embalado - Estoque: Pronta Entrega (1 unidade) DIFERENCIAIS DA MARCA FASHION SHINE: ✔ Verniz de proteção de alta durabilidade (brilho prolongado). ✔ Design moderno, leve e sofisticado. ✔ Acabamento artesanal com rigoroso controle de qualidade. ✔ Excelente opção para presentear alguém especial. DICAS DE CONSERVAÇÃO: - Evite contato direto com perfumes, cremes e produtos químicos. - Retire suas peças antes de tomar banho de mar ou piscina. - Guarde individualmente em local seco e protegido da luz. Garantia de satisfação e envio imediato com nota fiscal."
"FS-BRINCO_DOURADO_LONGO_12";"Brinco Dourado Longo Semijoia Banhada Ouro 18k Ref 12";"40";"1";"Brincos";"http://http2.mlstatic.com/D_NQ_NP_785049-MLB115353335589_072026-F.jpg";"MLB7296484308";"Brinco Dourado Longo Semijoia Banhada Ouro 18k Ref 12 - Fashion Shine Semijoia fina de altíssima qualidade com banho nobre antialérgico, desenvolvida para realçar a beleza e elegância feminina em qualquer ocasião. FICHA TÉCNICA: - Marca: Fashion Shine - Categoria: Brincos - Banho: Ouro 18k / Ródio Nobre Hipoalergênico (Livre de Níquel) - Código SKU: FS-BRINCO_DOURADO_LONGO_12 - Preço: R$ 40,00 - Condição: Produto Novo e Embalado - Estoque: Pronta Entrega (1 unidade) DIFERENCIAIS DA MARCA FASHION SHINE: ✔ Verniz de proteção de alta durabilidade (brilho prolongado). ✔ Design moderno, leve e sofisticado. ✔ Acabamento artesanal com rigoroso controle de qualidade. ✔ Excelente opção para presentear alguém especial. DICAS DE CONSERVAÇÃO: - Evite contato direto com perfumes, cremes e produtos químicos. - Retire suas peças antes de tomar banho de mar ou piscina. - Guarde individualmente em local seco e protegido da luz. Garantia de satisfação e envio imediato com nota fiscal."
"FS-BRINCO_DOURADO_LONGO_13";"Brinco Dourado Longo Semijoia Banhada Ouro 18k Ref 13";"40";"1";"Brincos";"http://http2.mlstatic.com/D_NQ_NP_910590-MLB115352952925_072026-F.jpg";"MLB7296484378";"Brinco Dourado Longo Semijoia Banhada Ouro 18k Ref 13 - Fashion Shine Semijoia fina de altíssima qualidade com banho nobre antialérgico, desenvolvida para realçar a beleza e elegância feminina em qualquer ocasião. FICHA TÉCNICA: - Marca: Fashion Shine - Categoria: Brincos - Banho: Ouro 18k / Ródio Nobre Hipoalergênico (Livre de Níquel) - Código SKU: FS-BRINCO_DOURADO_LONGO_13 - Preço: R$ 40,00 - Condição: Produto Novo e Embalado - Estoque: Pronta Entrega (1 unidade) DIFERENCIAIS DA MARCA FASHION SHINE: ✔ Verniz de proteção de alta durabilidade (brilho prolongado). ✔ Design moderno, leve e sofisticado. ✔ Acabamento artesanal com rigoroso controle de qualidade. ✔ Excelente opção para presentear alguém especial. DICAS DE CONSERVAÇÃO: - Evite contato direto com perfumes, cremes e produtos químicos. - Retire suas peças antes de tomar banho de mar ou piscina. - Guarde individualmente em local seco e protegido da luz. Garantia de satisfação e envio imediato com nota fiscal."
"FS-BRINCO_DOURADO_LONGO_14";"Brinco Dourado Longo Semijoia Banhada Ouro 18k Ref 14";"40";"1";"Brincos";"http://http2.mlstatic.com/D_NQ_NP_979719-MLB115352924367_072026-F.jpg";"MLB7296471702";"Brinco Dourado Longo Semijoia Banhada Ouro 18k Ref 14 - Fashion Shine Semijoia fina de altíssima qualidade com banho nobre antialérgico, desenvolvida para realçar a beleza e elegância feminina em qualquer ocasião. FICHA TÉCNICA: - Marca: Fashion Shine - Categoria: Brincos - Banho: Ouro 18k / Ródio Nobre Hipoalergênico (Livre de Níquel) - Código SKU: FS-BRINCO_DOURADO_LONGO_14 - Preço: R$ 40,00 - Condição: Produto Novo e Embalado - Estoque: Pronta Entrega (1 unidade) DIFERENCIAIS DA MARCA FASHION SHINE: ✔ Verniz de proteção de alta durabilidade (brilho prolongado). ✔ Design moderno, leve e sofisticado. ✔ Acabamento artesanal com rigoroso controle de qualidade. ✔ Excelente opção para presentear alguém especial. DICAS DE CONSERVAÇÃO: - Evite contato direto com perfumes, cremes e produtos químicos. - Retire suas peças antes de tomar banho de mar ou piscina. - Guarde individualmente em local seco e protegido da luz. Garantia de satisfação e envio imediato com nota fiscal."
"FS-BRINCO_DOURADO_LONGO_15";"Brinco Dourado Longo Semijoia Banhada Ouro 18k Ref 15";"40";"1";"Brincos";"http://http2.mlstatic.com/D_NQ_NP_650290-MLB115353479873_072026-F.jpg";"MLB7296484498";"Brinco Dourado Longo Semijoia Banhada Ouro 18k Ref 15 - Fashion Shine Semijoia fina de altíssima qualidade com banho nobre antialérgico, desenvolvida para realçar a beleza e elegância feminina em qualquer ocasião. FICHA TÉCNICA: - Marca: Fashion Shine - Categoria: Brincos - Banho: Ouro 18k / Ródio Nobre Hipoalergênico (Livre de Níquel) - Código SKU: FS-BRINCO_DOURADO_LONGO_15 - Preço: R$ 40,00 - Condição: Produto Novo e Embalado - Estoque: Pronta Entrega (1 unidade) DIFERENCIAIS DA MARCA FASHION SHINE: ✔ Verniz de proteção de alta durabilidade (brilho prolongado). ✔ Design moderno, leve e sofisticado. ✔ Acabamento artesanal com rigoroso controle de qualidade. ✔ Excelente opção para presentear alguém especial. DICAS DE CONSERVAÇÃO: - Evite contato direto com perfumes, cremes e produtos químicos. - Retire suas peças antes de tomar banho de mar ou piscina. - Guarde individualmente em local seco e protegido da luz. Garantia de satisfação e envio imediato com nota fiscal."
"FS-BRINCO_DOURADO_LONGO_16";"Brinco Dourado Longo Semijoia Banhada Ouro 18k Ref 16";"40";"1";"Brincos";"http://http2.mlstatic.com/D_NQ_NP_601600-MLB115352895629_072026-F.jpg";"MLB7296497368";"Brinco Dourado Longo Semijoia Banhada Ouro 18k Ref 16 - Fashion Shine Semijoia fina de altíssima qualidade com banho nobre antialérgico, desenvolvida para realçar a beleza e elegância feminina em qualquer ocasião. FICHA TÉCNICA: - Marca: Fashion Shine - Categoria: Brincos - Banho: Ouro 18k / Ródio Nobre Hipoalergênico (Livre de Níquel) - Código SKU: FS-BRINCO_DOURADO_LONGO_16 - Preço: R$ 40,00 - Condição: Produto Novo e Embalado - Estoque: Pronta Entrega (1 unidade) DIFERENCIAIS DA MARCA FASHION SHINE: ✔ Verniz de proteção de alta durabilidade (brilho prolongado). ✔ Design moderno, leve e sofisticado. ✔ Acabamento artesanal com rigoroso controle de qualidade. ✔ Excelente opção para presentear alguém especial. DICAS DE CONSERVAÇÃO: - Evite contato direto com perfumes, cremes e produtos químicos. - Retire suas peças antes de tomar banho de mar ou piscina. - Guarde individualmente em local seco e protegido da luz. Garantia de satisfação e envio imediato com nota fiscal."
"FS-BRINCO_DOURADO_LONGO_17";"Brinco Dourado Longo Semijoia Banhada Ouro 18k Ref 17";"40";"1";"Brincos";"http://http2.mlstatic.com/D_NQ_NP_964295-MLB115353012493_072026-F.jpg";"MLB7296471856";"Brinco Dourado Longo Semijoia Banhada Ouro 18k Ref 17 - Fashion Shine 📷 ANÚNCIO COM GALERIA COMPLETA: Inclui 3 fotos em alta resolução mostrando diferentes ângulos e detalhes reais da peça. Semijoia fina de altíssima qualidade com banho nobre antialérgico, desenvolvida para realçar a beleza e elegância feminina em qualquer ocasião. FICHA TÉCNICA: - Marca: Fashion Shine - Categoria: Brincos - Banho: Ouro 18k / Ródio Nobre Hipoalergênico (Livre de Níquel) - Código SKU: FS-BRINCO_DOURADO_LONGO_17 - Preço: R$ 40,00 - Condição: Produto Novo e Embalado - Estoque: Pronta Entrega (1 unidade) DIFERENCIAIS DA MARCA FASHION SHINE: ✔ Verniz de proteção de alta durabilidade (brilho prolongado). ✔ Design moderno, leve e sofisticado. ✔ Acabamento artesanal com rigoroso controle de qualidade. ✔ Excelente opção para presentear alguém especial. DICAS DE CONSERVAÇÃO: - Evite contato direto com perfumes, cremes e produtos químicos. - Retire suas peças antes de tomar banho de mar ou piscina. - Guarde individualmente em local seco e protegido da luz. Garantia de satisfação e envio imediato com nota fiscal."
"FS-BRINCO_METAL_COMPACTO_01";"Brinco Metal Compacto Semijoia Banhada Ouro 18k Ref 01";"40";"1";"Brincos";"http://http2.mlstatic.com/D_NQ_NP_607295-MLB115353041285_072026-F.jpg";"MLB7296484674";"Brinco Metal Compacto Semijoia Banhada Ouro 18k Ref 01 - Fashion Shine Semijoia fina de altíssima qualidade com banho nobre antialérgico, desenvolvida para realçar a beleza e elegância feminina em qualquer ocasião. FICHA TÉCNICA: - Marca: Fashion Shine - Categoria: Brincos - Banho: Ouro 18k / Ródio Nobre Hipoalergênico (Livre de Níquel) - Código SKU: FS-BRINCO_METAL_COMPACTO_01 - Preço: R$ 40,00 - Condição: Produto Novo e Embalado - Estoque: Pronta Entrega (1 unidade) DIFERENCIAIS DA MARCA FASHION SHINE: ✔ Verniz de proteção de alta durabilidade (brilho prolongado). ✔ Design moderno, leve e sofisticado. ✔ Acabamento artesanal com rigoroso controle de qualidade. ✔ Excelente opção para presentear alguém especial. DICAS DE CONSERVAÇÃO: - Evite contato direto com perfumes, cremes e produtos químicos. - Retire suas peças antes de tomar banho de mar ou piscina. - Guarde individualmente em local seco e protegido da luz. Garantia de satisfação e envio imediato com nota fiscal."
"FS-BRINCO_METAL_COMPACTO_02";"Brinco Metal Compacto Semijoia Banhada Ouro 18k Ref 02";"40";"1";"Brincos";"http://http2.mlstatic.com/D_NQ_NP_655053-MLB114032891368_072026-F.jpg";"MLB7296471984";"Brinco Metal Compacto Semijoia Banhada Ouro 18k Ref 02 - Fashion Shine 📷 ANÚNCIO COM GALERIA COMPLETA: Inclui 2 fotos em alta resolução mostrando diferentes ângulos e detalhes reais da peça. Semijoia fina de altíssima qualidade com banho nobre antialérgico, desenvolvida para realçar a beleza e elegância feminina em qualquer ocasião. FICHA TÉCNICA: - Marca: Fashion Shine - Categoria: Brincos - Banho: Ouro 18k / Ródio Nobre Hipoalergênico (Livre de Níquel) - Código SKU: FS-BRINCO_METAL_COMPACTO_02 - Preço: R$ 40,00 - Condição: Produto Novo e Embalado - Estoque: Pronta Entrega (1 unidade) DIFERENCIAIS DA MARCA FASHION SHINE: ✔ Verniz de proteção de alta durabilidade (brilho prolongado). ✔ Design moderno, leve e sofisticado. ✔ Acabamento artesanal com rigoroso controle de qualidade. ✔ Excelente opção para presentear alguém especial. DICAS DE CONSERVAÇÃO: - Evite contato direto com perfumes, cremes e produtos químicos. - Retire suas peças antes de tomar banho de mar ou piscina. - Guarde individualmente em local seco e protegido da luz. Garantia de satisfação e envio imediato com nota fiscal."
"FS-BRINCO_METAL_COMPACTO_03";"Brinco Metal Compacto Semijoia Banhada Ouro 18k Ref 03";"40";"1";"Brincos";"http://http2.mlstatic.com/D_NQ_NP_768822-MLB115353365771_072026-F.jpg";"MLB7296497632";"Brinco Metal Compacto Semijoia Banhada Ouro 18k Ref 03 - Fashion Shine 📷 ANÚNCIO COM GALERIA COMPLETA: Inclui 2 fotos em alta resolução mostrando diferentes ângulos e detalhes reais da peça. Semijoia fina de altíssima qualidade com banho nobre antialérgico, desenvolvida para realçar a beleza e elegância feminina em qualquer ocasião. FICHA TÉCNICA: - Marca: Fashion Shine - Categoria: Brincos - Banho: Ouro 18k / Ródio Nobre Hipoalergênico (Livre de Níquel) - Código SKU: FS-BRINCO_METAL_COMPACTO_03 - Preço: R$ 40,00 - Condição: Produto Novo e Embalado - Estoque: Pronta Entrega (1 unidade) DIFERENCIAIS DA MARCA FASHION SHINE: ✔ Verniz de proteção de alta durabilidade (brilho prolongado). ✔ Design moderno, leve e sofisticado. ✔ Acabamento artesanal com rigoroso controle de qualidade. ✔ Excelente opção para presentear alguém especial. DICAS DE CONSERVAÇÃO: - Evite contato direto com perfumes, cremes e produtos químicos. - Retire suas peças antes de tomar banho de mar ou piscina. - Guarde individualmente em local seco e protegido da luz. Garantia de satisfação e envio imediato com nota fiscal."
"FS-BRINCO_METAL_LONGO_01";"Brinco Metal Longo Semijoia Banhada Ouro 18k Ref 01";"40";"1";"Brincos";"http://http2.mlstatic.com/D_NQ_NP_852190-MLB115353012807_072026-F.jpg";"MLB7296472082";"Brinco Metal Longo Semijoia Banhada Ouro 18k Ref 01 - Fashion Shine Semijoia fina de altíssima qualidade com banho nobre antialérgico, desenvolvida para realçar a beleza e elegância feminina em qualquer ocasião. FICHA TÉCNICA: - Marca: Fashion Shine - Categoria: Brincos - Banho: Ouro 18k / Ródio Nobre Hipoalergênico (Livre de Níquel) - Código SKU: FS-BRINCO_METAL_LONGO_01 - Preço: R$ 40,00 - Condição: Produto Novo e Embalado - Estoque: Pronta Entrega (1 unidade) DIFERENCIAIS DA MARCA FASHION SHINE: ✔ Verniz de proteção de alta durabilidade (brilho prolongado). ✔ Design moderno, leve e sofisticado. ✔ Acabamento artesanal com rigoroso controle de qualidade. ✔ Excelente opção para presentear alguém especial. DICAS DE CONSERVAÇÃO: - Evite contato direto com perfumes, cremes e produtos químicos. - Retire suas peças antes de tomar banho de mar ou piscina. - Guarde individualmente em local seco e protegido da luz. Garantia de satisfação e envio imediato com nota fiscal."
"FS-BRINCO_METAL_LONGO_02";"Brinco Metal Longo Semijoia Banhada Ouro 18k Ref 02";"40";"1";"Brincos";"http://http2.mlstatic.com/D_NQ_NP_656812-MLB115352983731_072026-F.jpg";"MLB7296497732";"Brinco Metal Longo Semijoia Banhada Ouro 18k Ref 02 - Fashion Shine 📷 ANÚNCIO COM GALERIA COMPLETA: Inclui 3 fotos em alta resolução mostrando diferentes ângulos e detalhes reais da peça. Semijoia fina de altíssima qualidade com banho nobre antialérgico, desenvolvida para realçar a beleza e elegância feminina em qualquer ocasião. FICHA TÉCNICA: - Marca: Fashion Shine - Categoria: Brincos - Banho: Ouro 18k / Ródio Nobre Hipoalergênico (Livre de Níquel) - Código SKU: FS-BRINCO_METAL_LONGO_02 - Preço: R$ 40,00 - Condição: Produto Novo e Embalado - Estoque: Pronta Entrega (1 unidade) DIFERENCIAIS DA MARCA FASHION SHINE: ✔ Verniz de proteção de alta durabilidade (brilho prolongado). ✔ Design moderno, leve e sofisticado. ✔ Acabamento artesanal com rigoroso controle de qualidade. ✔ Excelente opção para presentear alguém especial. DICAS DE CONSERVAÇÃO: - Evite contato direto com perfumes, cremes e produtos químicos. - Retire suas peças antes de tomar banho de mar ou piscina. - Guarde individualmente em local seco e protegido da luz. Garantia de satisfação e envio imediato com nota fiscal."
"FS-BRINCO_METAL_LONGO_03";"Brinco Metal Longo Semijoia Banhada Ouro 18k Ref 03";"40";"1";"Brincos";"http://http2.mlstatic.com/D_NQ_NP_858359-MLB115353480457_072026-F.jpg";"MLB7296484938";"Brinco Metal Longo Semijoia Banhada Ouro 18k Ref 03 - Fashion Shine Semijoia fina de altíssima qualidade com banho nobre antialérgico, desenvolvida para realçar a beleza e elegância feminina em qualquer ocasião. FICHA TÉCNICA: - Marca: Fashion Shine - Categoria: Brincos - Banho: Ouro 18k / Ródio Nobre Hipoalergênico (Livre de Níquel) - Código SKU: FS-BRINCO_METAL_LONGO_03 - Preço: R$ 40,00 - Condição: Produto Novo e Embalado - Estoque: Pronta Entrega (1 unidade) DIFERENCIAIS DA MARCA FASHION SHINE: ✔ Verniz de proteção de alta durabilidade (brilho prolongado). ✔ Design moderno, leve e sofisticado. ✔ Acabamento artesanal com rigoroso controle de qualidade. ✔ Excelente opção para presentear alguém especial. DICAS DE CONSERVAÇÃO: - Evite contato direto com perfumes, cremes e produtos químicos. - Retire suas peças antes de tomar banho de mar ou piscina. - Guarde individualmente em local seco e protegido da luz. Garantia de satisfação e envio imediato com nota fiscal."
"FS-BRINCO_METAL_LONGO_04";"Brinco Metal Longo Semijoia Banhada Ouro 18k Ref 04";"40";"1";"Brincos";"http://http2.mlstatic.com/D_NQ_NP_837109-MLB115353366065_072026-F.jpg";"MLB7296472250";"Brinco Metal Longo Semijoia Banhada Ouro 18k Ref 04 - Fashion Shine Semijoia fina de altíssima qualidade com banho nobre antialérgico, desenvolvida para realçar a beleza e elegância feminina em qualquer ocasião. FICHA TÉCNICA: - Marca: Fashion Shine - Categoria: Brincos - Banho: Ouro 18k / Ródio Nobre Hipoalergênico (Livre de Níquel) - Código SKU: FS-BRINCO_METAL_LONGO_04 - Preço: R$ 40,00 - Condição: Produto Novo e Embalado - Estoque: Pronta Entrega (1 unidade) DIFERENCIAIS DA MARCA FASHION SHINE: ✔ Verniz de proteção de alta durabilidade (brilho prolongado). ✔ Design moderno, leve e sofisticado. ✔ Acabamento artesanal com rigoroso controle de qualidade. ✔ Excelente opção para presentear alguém especial. DICAS DE CONSERVAÇÃO: - Evite contato direto com perfumes, cremes e produtos químicos. - Retire suas peças antes de tomar banho de mar ou piscina. - Guarde individualmente em local seco e protegido da luz. Garantia de satisfação e envio imediato com nota fiscal."
"FS-BRINCO_PRATA_COMPACTO_01";"Brinco Prata Compacto Semijoia Banhada Ouro 18k Ref 01";"40";"1";"Brincos";"http://http2.mlstatic.com/D_NQ_NP_634956-MLB115353247221_072026-F.jpg";"MLB7296472292";"Brinco Prata Compacto Semijoia Banhada Ouro 18k Ref 01 - Fashion Shine Semijoia fina de altíssima qualidade com banho nobre antialérgico, desenvolvida para realçar a beleza e elegância feminina em qualquer ocasião. FICHA TÉCNICA: - Marca: Fashion Shine - Categoria: Brincos - Banho: Ouro 18k / Ródio Nobre Hipoalergênico (Livre de Níquel) - Código SKU: FS-BRINCO_PRATA_COMPACTO_01 - Preço: R$ 40,00 - Condição: Produto Novo e Embalado - Estoque: Pronta Entrega (1 unidade) DIFERENCIAIS DA MARCA FASHION SHINE: ✔ Verniz de proteção de alta durabilidade (brilho prolongado). ✔ Design moderno, leve e sofisticado. ✔ Acabamento artesanal com rigoroso controle de qualidade. ✔ Excelente opção para presentear alguém especial. DICAS DE CONSERVAÇÃO: - Evite contato direto com perfumes, cremes e produtos químicos. - Retire suas peças antes de tomar banho de mar ou piscina. - Guarde individualmente em local seco e protegido da luz. Garantia de satisfação e envio imediato com nota fiscal."
"FS-BRINCO_PRATA_COMPACTO_02";"Brinco Prata Compacto Semijoia Banhada Ouro 18k Ref 02";"40";"1";"Brincos";"http://http2.mlstatic.com/D_NQ_NP_897613-MLB115353041899_072026-F.jpg";"MLB7296472336";"Brinco Prata Compacto Semijoia Banhada Ouro 18k Ref 02 - Fashion Shine Semijoia fina de altíssima qualidade com banho nobre antialérgico, desenvolvida para realçar a beleza e elegância feminina em qualquer ocasião. FICHA TÉCNICA: - Marca: Fashion Shine - Categoria: Brincos - Banho: Ouro 18k / Ródio Nobre Hipoalergênico (Livre de Níquel) - Código SKU: FS-BRINCO_PRATA_COMPACTO_02 - Preço: R$ 40,00 - Condição: Produto Novo e Embalado - Estoque: Pronta Entrega (1 unidade) DIFERENCIAIS DA MARCA FASHION SHINE: ✔ Verniz de proteção de alta durabilidade (brilho prolongado). ✔ Design moderno, leve e sofisticado. ✔ Acabamento artesanal com rigoroso controle de qualidade. ✔ Excelente opção para presentear alguém especial. DICAS DE CONSERVAÇÃO: - Evite contato direto com perfumes, cremes e produtos químicos. - Retire suas peças antes de tomar banho de mar ou piscina. - Guarde individualmente em local seco e protegido da luz. Garantia de satisfação e envio imediato com nota fiscal."
"FS-BRINCO_PRATA_LARGO_01";"Brinco Prata Largo Semijoia Banhada Ouro 18k Ref 01";"40";"1";"Brincos";"http://http2.mlstatic.com/D_NQ_NP_793638-MLB115352953875_072026-F.jpg";"MLB7296485138";"Brinco Prata Largo Semijoia Banhada Ouro 18k Ref 01 - Fashion Shine Semijoia fina de altíssima qualidade com banho nobre antialérgico, desenvolvida para realçar a beleza e elegância feminina em qualquer ocasião. FICHA TÉCNICA: - Marca: Fashion Shine - Categoria: Brincos - Banho: Ouro 18k / Ródio Nobre Hipoalergênico (Livre de Níquel) - Código SKU: FS-BRINCO_PRATA_LARGO_01 - Preço: R$ 40,00 - Condição: Produto Novo e Embalado - Estoque: Pronta Entrega (1 unidade) DIFERENCIAIS DA MARCA FASHION SHINE: ✔ Verniz de proteção de alta durabilidade (brilho prolongado). ✔ Design moderno, leve e sofisticado. ✔ Acabamento artesanal com rigoroso controle de qualidade. ✔ Excelente opção para presentear alguém especial. DICAS DE CONSERVAÇÃO: - Evite contato direto com perfumes, cremes e produtos químicos. - Retire suas peças antes de tomar banho de mar ou piscina. - Guarde individualmente em local seco e protegido da luz. Garantia de satisfação e envio imediato com nota fiscal."
"FS-BRINCO_PRETO_COMPACTO_01";"Brinco Preto Compacto Semijoia Banhada Ouro 18k Ref 01";"40";"1";"Brincos";"http://http2.mlstatic.com/D_NQ_NP_616120-MLB115353336657_072026-F.jpg";"MLB7296485188";"Brinco Preto Compacto Semijoia Banhada Ouro 18k Ref 01 - Fashion Shine Semijoia fina de altíssima qualidade com banho nobre antialérgico, desenvolvida para realçar a beleza e elegância feminina em qualquer ocasião. FICHA TÉCNICA: - Marca: Fashion Shine - Categoria: Brincos - Banho: Ouro 18k / Ródio Nobre Hipoalergênico (Livre de Níquel) - Código SKU: FS-BRINCO_PRETO_COMPACTO_01 - Preço: R$ 40,00 - Condição: Produto Novo e Embalado - Estoque: Pronta Entrega (1 unidade) DIFERENCIAIS DA MARCA FASHION SHINE: ✔ Verniz de proteção de alta durabilidade (brilho prolongado). ✔ Design moderno, leve e sofisticado. ✔ Acabamento artesanal com rigoroso controle de qualidade. ✔ Excelente opção para presentear alguém especial. DICAS DE CONSERVAÇÃO: - Evite contato direto com perfumes, cremes e produtos químicos. - Retire suas peças antes de tomar banho de mar ou piscina. - Guarde individualmente em local seco e protegido da luz. Garantia de satisfação e envio imediato com nota fiscal."
"FS-BRINCO_PRETO_COMPACTO_02";"Brinco Preto Compacto Semijoia Banhada Ouro 18k Ref 02";"40";"1";"Brincos";"http://http2.mlstatic.com/D_NQ_NP_766695-MLB115352836971_072026-F.jpg";"MLB7296498070";"Brinco Preto Compacto Semijoia Banhada Ouro 18k Ref 02 - Fashion Shine Semijoia fina de altíssima qualidade com banho nobre antialérgico, desenvolvida para realçar a beleza e elegância feminina em qualquer ocasião. FICHA TÉCNICA: - Marca: Fashion Shine - Categoria: Brincos - Banho: Ouro 18k / Ródio Nobre Hipoalergênico (Livre de Níquel) - Código SKU: FS-BRINCO_PRETO_COMPACTO_02 - Preço: R$ 40,00 - Condição: Produto Novo e Embalado - Estoque: Pronta Entrega (1 unidade) DIFERENCIAIS DA MARCA FASHION SHINE: ✔ Verniz de proteção de alta durabilidade (brilho prolongado). ✔ Design moderno, leve e sofisticado. ✔ Acabamento artesanal com rigoroso controle de qualidade. ✔ Excelente opção para presentear alguém especial. DICAS DE CONSERVAÇÃO: - Evite contato direto com perfumes, cremes e produtos químicos. - Retire suas peças antes de tomar banho de mar ou piscina. - Guarde individualmente em local seco e protegido da luz. Garantia de satisfação e envio imediato com nota fiscal."
"FS-BRINCO_PRETO_COMPACTO_03";"Brinco Preto Compacto Semijoia Banhada Ouro 18k Ref 03";"40";"1";"Brincos";"http://http2.mlstatic.com/D_NQ_NP_930968-MLB115352984217_072026-F.jpg";"MLB7296472554";"Brinco Preto Compacto Semijoia Banhada Ouro 18k Ref 03 - Fashion Shine Semijoia fina de altíssima qualidade com banho nobre antialérgico, desenvolvida para realçar a beleza e elegância feminina em qualquer ocasião. FICHA TÉCNICA: - Marca: Fashion Shine - Categoria: Brincos - Banho: Ouro 18k / Ródio Nobre Hipoalergênico (Livre de Níquel) - Código SKU: FS-BRINCO_PRETO_COMPACTO_03 - Preço: R$ 40,00 - Condição: Produto Novo e Embalado - Estoque: Pronta Entrega (1 unidade) DIFERENCIAIS DA MARCA FASHION SHINE: ✔ Verniz de proteção de alta durabilidade (brilho prolongado). ✔ Design moderno, leve e sofisticado. ✔ Acabamento artesanal com rigoroso controle de qualidade. ✔ Excelente opção para presentear alguém especial. DICAS DE CONSERVAÇÃO: - Evite contato direto com perfumes, cremes e produtos químicos. - Retire suas peças antes de tomar banho de mar ou piscina. - Guarde individualmente em local seco e protegido da luz. Garantia de satisfação e envio imediato com nota fiscal."
"FS-BRINCO_PRETO_COMPACTO_04";"Brinco Preto Compacto Semijoia Banhada Ouro 18k Ref 04";"40";"1";"Brincos";"http://http2.mlstatic.com/D_NQ_NP_602305-MLB115353100883_072026-F.jpg";"MLB7296485368";"Brinco Preto Compacto Semijoia Banhada Ouro 18k Ref 04 - Fashion Shine 📷 ANÚNCIO COM GALERIA COMPLETA: Inclui 2 fotos em alta resolução mostrando diferentes ângulos e detalhes reais da peça. Semijoia fina de altíssima qualidade com banho nobre antialérgico, desenvolvida para realçar a beleza e elegância feminina em qualquer ocasião. FICHA TÉCNICA: - Marca: Fashion Shine - Categoria: Brincos - Banho: Ouro 18k / Ródio Nobre Hipoalergênico (Livre de Níquel) - Código SKU: FS-BRINCO_PRETO_COMPACTO_04 - Preço: R$ 40,00 - Condição: Produto Novo e Embalado - Estoque: Pronta Entrega (1 unidade) DIFERENCIAIS DA MARCA FASHION SHINE: ✔ Verniz de proteção de alta durabilidade (brilho prolongado). ✔ Design moderno, leve e sofisticado. ✔ Acabamento artesanal com rigoroso controle de qualidade. ✔ Excelente opção para presentear alguém especial. DICAS DE CONSERVAÇÃO: - Evite contato direto com perfumes, cremes e produtos químicos. - Retire suas peças antes de tomar banho de mar ou piscina. - Guarde individualmente em local seco e protegido da luz. Garantia de satisfação e envio imediato com nota fiscal."
"FS-BRINCO_PRETO_COMPACTO_05";"Brinco Preto Compacto Semijoia Banhada Ouro 18k Ref 05";"40";"1";"Brincos";"http://http2.mlstatic.com/D_NQ_NP_886700-MLB115352896637_072026-F.jpg";"MLB7296485418";"Brinco Preto Compacto Semijoia Banhada Ouro 18k Ref 05 - Fashion Shine Semijoia fina de altíssima qualidade com banho nobre antialérgico, desenvolvida para realçar a beleza e elegância feminina em qualquer ocasião. FICHA TÉCNICA: - Marca: Fashion Shine - Categoria: Brincos - Banho: Ouro 18k / Ródio Nobre Hipoalergênico (Livre de Níquel) - Código SKU: FS-BRINCO_PRETO_COMPACTO_05 - Preço: R$ 40,00 - Condição: Produto Novo e Embalado - Estoque: Pronta Entrega (1 unidade) DIFERENCIAIS DA MARCA FASHION SHINE: ✔ Verniz de proteção de alta durabilidade (brilho prolongado). ✔ Design moderno, leve e sofisticado. ✔ Acabamento artesanal com rigoroso controle de qualidade. ✔ Excelente opção para presentear alguém especial. DICAS DE CONSERVAÇÃO: - Evite contato direto com perfumes, cremes e produtos químicos. - Retire suas peças antes de tomar banho de mar ou piscina. - Guarde individualmente em local seco e protegido da luz. Garantia de satisfação e envio imediato com nota fiscal."
"FS-BRINCO_PRETO_LONGO_01";"Brinco Preto Longo Semijoia Banhada Ouro 18k Ref 01";"40";"1";"Brincos";"http://http2.mlstatic.com/D_NQ_NP_870339-MLB115352896701_072026-F.jpg";"MLB7296485506";"Brinco Preto Longo Semijoia Banhada Ouro 18k Ref 01 - Fashion Shine 📷 ANÚNCIO COM GALERIA COMPLETA: Inclui 2 fotos em alta resolução mostrando diferentes ângulos e detalhes reais da peça. Semijoia fina de altíssima qualidade com banho nobre antialérgico, desenvolvida para realçar a beleza e elegância feminina em qualquer ocasião. FICHA TÉCNICA: - Marca: Fashion Shine - Categoria: Brincos - Banho: Ouro 18k / Ródio Nobre Hipoalergênico (Livre de Níquel) - Código SKU: FS-BRINCO_PRETO_LONGO_01 - Preço: R$ 40,00 - Condição: Produto Novo e Embalado - Estoque: Pronta Entrega (1 unidade) DIFERENCIAIS DA MARCA FASHION SHINE: ✔ Verniz de proteção de alta durabilidade (brilho prolongado). ✔ Design moderno, leve e sofisticado. ✔ Acabamento artesanal com rigoroso controle de qualidade. ✔ Excelente opção para presentear alguém especial. DICAS DE CONSERVAÇÃO: - Evite contato direto com perfumes, cremes e produtos químicos. - Retire suas peças antes de tomar banho de mar ou piscina. - Guarde individualmente em local seco e protegido da luz. Garantia de satisfação e envio imediato com nota fiscal."
"FS-BRINCO_PRETO_LONGO_02";"Brinco Preto Longo Semijoia Banhada Ouro 18k Ref 02";"40";"1";"Brincos";"http://http2.mlstatic.com/D_NQ_NP_662976-MLB115352896805_072026-F.jpg";"MLB7296472804";"Brinco Preto Longo Semijoia Banhada Ouro 18k Ref 02 - Fashion Shine 📷 ANÚNCIO COM GALERIA COMPLETA: Inclui 2 fotos em alta resolução mostrando diferentes ângulos e detalhes reais da peça. Semijoia fina de altíssima qualidade com banho nobre antialérgico, desenvolvida para realçar a beleza e elegância feminina em qualquer ocasião. FICHA TÉCNICA: - Marca: Fashion Shine - Categoria: Brincos - Banho: Ouro 18k / Ródio Nobre Hipoalergênico (Livre de Níquel) - Código SKU: FS-BRINCO_PRETO_LONGO_02 - Preço: R$ 40,00 - Condição: Produto Novo e Embalado - Estoque: Pronta Entrega (1 unidade) DIFERENCIAIS DA MARCA FASHION SHINE: ✔ Verniz de proteção de alta durabilidade (brilho prolongado). ✔ Design moderno, leve e sofisticado. ✔ Acabamento artesanal com rigoroso controle de qualidade. ✔ Excelente opção para presentear alguém especial. DICAS DE CONSERVAÇÃO: - Evite contato direto com perfumes, cremes e produtos químicos. - Retire suas peças antes de tomar banho de mar ou piscina. - Guarde individualmente em local seco e protegido da luz. Garantia de satisfação e envio imediato com nota fiscal."
"FS-BRINCO_PRETO_LONGO_03";"Brinco Preto Longo Semijoia Banhada Ouro 18k Ref 03";"40";"1";"Brincos";"http://http2.mlstatic.com/D_NQ_NP_621656-MLB115353337163_072026-F.jpg";"MLB7296498528";"Brinco Preto Longo Semijoia Banhada Ouro 18k Ref 03 - Fashion Shine Semijoia fina de altíssima qualidade com banho nobre antialérgico, desenvolvida para realçar a beleza e elegância feminina em qualquer ocasião. FICHA TÉCNICA: - Marca: Fashion Shine - Categoria: Brincos - Banho: Ouro 18k / Ródio Nobre Hipoalergênico (Livre de Níquel) - Código SKU: FS-BRINCO_PRETO_LONGO_03 - Preço: R$ 40,00 - Condição: Produto Novo e Embalado - Estoque: Pronta Entrega (1 unidade) DIFERENCIAIS DA MARCA FASHION SHINE: ✔ Verniz de proteção de alta durabilidade (brilho prolongado). ✔ Design moderno, leve e sofisticado. ✔ Acabamento artesanal com rigoroso controle de qualidade. ✔ Excelente opção para presentear alguém especial. DICAS DE CONSERVAÇÃO: - Evite contato direto com perfumes, cremes e produtos químicos. - Retire suas peças antes de tomar banho de mar ou piscina. - Guarde individualmente em local seco e protegido da luz. Garantia de satisfação e envio imediato com nota fiscal."
"FS-BRINCO_ROSE_COMPACTO_01";"Brinco Rose Compacto Semijoia Banhada Ouro 18k Ref 01";"40";"1";"Brincos";"http://http2.mlstatic.com/D_NQ_NP_662477-MLB115353101287_072026-F.jpg";"MLB7296485752";"Brinco Rose Compacto Semijoia Banhada Ouro 18k Ref 01 - Fashion Shine 📷 ANÚNCIO COM GALERIA COMPLETA: Inclui 2 fotos em alta resolução mostrando diferentes ângulos e detalhes reais da peça. Semijoia fina de altíssima qualidade com banho nobre antialérgico, desenvolvida para realçar a beleza e elegância feminina em qualquer ocasião. FICHA TÉCNICA: - Marca: Fashion Shine - Categoria: Brincos - Banho: Ouro 18k / Ródio Nobre Hipoalergênico (Livre de Níquel) - Código SKU: FS-BRINCO_ROSE_COMPACTO_01 - Preço: R$ 40,00 - Condição: Produto Novo e Embalado - Estoque: Pronta Entrega (1 unidade) DIFERENCIAIS DA MARCA FASHION SHINE: ✔ Verniz de proteção de alta durabilidade (brilho prolongado). ✔ Design moderno, leve e sofisticado. ✔ Acabamento artesanal com rigoroso controle de qualidade. ✔ Excelente opção para presentear alguém especial. DICAS DE CONSERVAÇÃO: - Evite contato direto com perfumes, cremes e produtos químicos. - Retire suas peças antes de tomar banho de mar ou piscina. - Guarde individualmente em local seco e protegido da luz. Garantia de satisfação e envio imediato com nota fiscal."
"FS-BRINCO_VERDE_COMPACTO_01";"Brinco Verde Compacto Semijoia Banhada Ouro 18k Ref 01";"40";"1";"Brincos";"http://http2.mlstatic.com/D_NQ_NP_777792-MLB115353248019_072026-F.jpg";"MLB7296473026";"Brinco Verde Compacto Semijoia Banhada Ouro 18k Ref 01 - Fashion Shine Semijoia fina de altíssima qualidade com banho nobre antialérgico, desenvolvida para realçar a beleza e elegância feminina em qualquer ocasião. FICHA TÉCNICA: - Marca: Fashion Shine - Categoria: Brincos - Banho: Ouro 18k / Ródio Nobre Hipoalergênico (Livre de Níquel) - Código SKU: FS-BRINCO_VERDE_COMPACTO_01 - Preço: R$ 40,00 - Condição: Produto Novo e Embalado - Estoque: Pronta Entrega (1 unidade) DIFERENCIAIS DA MARCA FASHION SHINE: ✔ Verniz de proteção de alta durabilidade (brilho prolongado). ✔ Design moderno, leve e sofisticado. ✔ Acabamento artesanal com rigoroso controle de qualidade. ✔ Excelente opção para presentear alguém especial. DICAS DE CONSERVAÇÃO: - Evite contato direto com perfumes, cremes e produtos químicos. - Retire suas peças antes de tomar banho de mar ou piscina. - Guarde individualmente em local seco e protegido da luz. Garantia de satisfação e envio imediato com nota fiscal."
"FS-BRINCO_VERDE_LARGO_01";"Brinco Verde Largo Semijoia Banhada Ouro 18k Ref 01";"40";"1";"Brincos";"http://http2.mlstatic.com/D_NQ_NP_958835-MLB114033098408_072026-F.jpg";"MLB7296485896";"Brinco Verde Largo Semijoia Banhada Ouro 18k Ref 01 - Fashion Shine 📷 ANÚNCIO COM GALERIA COMPLETA: Inclui 2 fotos em alta resolução mostrando diferentes ângulos e detalhes reais da peça. Semijoia fina de altíssima qualidade com banho nobre antialérgico, desenvolvida para realçar a beleza e elegância feminina em qualquer ocasião. FICHA TÉCNICA: - Marca: Fashion Shine - Categoria: Brincos - Banho: Ouro 18k / Ródio Nobre Hipoalergênico (Livre de Níquel) - Código SKU: FS-BRINCO_VERDE_LARGO_01 - Preço: R$ 40,00 - Condição: Produto Novo e Embalado - Estoque: Pronta Entrega (1 unidade) DIFERENCIAIS DA MARCA FASHION SHINE: ✔ Verniz de proteção de alta durabilidade (brilho prolongado). ✔ Design moderno, leve e sofisticado. ✔ Acabamento artesanal com rigoroso controle de qualidade. ✔ Excelente opção para presentear alguém especial. DICAS DE CONSERVAÇÃO: - Evite contato direto com perfumes, cremes e produtos químicos. - Retire suas peças antes de tomar banho de mar ou piscina. - Guarde individualmente em local seco e protegido da luz. Garantia de satisfação e envio imediato com nota fiscal."
"FS-BRINCO_VERDE_LONGO_01";"Brinco Verde Longo Semijoia Banhada Ouro 18k Ref 01";"40";"1";"Brincos";"http://http2.mlstatic.com/D_NQ_NP_669414-MLB115353101533_072026-F.jpg";"MLB7296498826";"Brinco Verde Longo Semijoia Banhada Ouro 18k Ref 01 - Fashion Shine Semijoia fina de altíssima qualidade com banho nobre antialérgico, desenvolvida para realçar a beleza e elegância feminina em qualquer ocasião. FICHA TÉCNICA: - Marca: Fashion Shine - Categoria: Brincos - Banho: Ouro 18k / Ródio Nobre Hipoalergênico (Livre de Níquel) - Código SKU: FS-BRINCO_VERDE_LONGO_01 - Preço: R$ 40,00 - Condição: Produto Novo e Embalado - Estoque: Pronta Entrega (1 unidade) DIFERENCIAIS DA MARCA FASHION SHINE: ✔ Verniz de proteção de alta durabilidade (brilho prolongado). ✔ Design moderno, leve e sofisticado. ✔ Acabamento artesanal com rigoroso controle de qualidade. ✔ Excelente opção para presentear alguém especial. DICAS DE CONSERVAÇÃO: - Evite contato direto com perfumes, cremes e produtos químicos. - Retire suas peças antes de tomar banho de mar ou piscina. - Guarde individualmente em local seco e protegido da luz. Garantia de satisfação e envio imediato com nota fiscal."
"FS-BRINCO_VERDE_LONGO_02";"Brinco Verde Longo Semijoia Banhada Ouro 18k Ref 02";"40";"1";"Brincos";"http://http2.mlstatic.com/D_NQ_NP_831768-MLB115353042843_072026-F.jpg";"MLB7296486060";"Brinco Verde Longo Semijoia Banhada Ouro 18k Ref 02 - Fashion Shine 📷 ANÚNCIO COM GALERIA COMPLETA: Inclui 2 fotos em alta resolução mostrando diferentes ângulos e detalhes reais da peça. Semijoia fina de altíssima qualidade com banho nobre antialérgico, desenvolvida para realçar a beleza e elegância feminina em qualquer ocasião. FICHA TÉCNICA: - Marca: Fashion Shine - Categoria: Brincos - Banho: Ouro 18k / Ródio Nobre Hipoalergênico (Livre de Níquel) - Código SKU: FS-BRINCO_VERDE_LONGO_02 - Preço: R$ 40,00 - Condição: Produto Novo e Embalado - Estoque: Pronta Entrega (1 unidade) DIFERENCIAIS DA MARCA FASHION SHINE: ✔ Verniz de proteção de alta durabilidade (brilho prolongado). ✔ Design moderno, leve e sofisticado. ✔ Acabamento artesanal com rigoroso controle de qualidade. ✔ Excelente opção para presentear alguém especial. DICAS DE CONSERVAÇÃO: - Evite contato direto com perfumes, cremes e produtos químicos. - Retire suas peças antes de tomar banho de mar ou piscina. - Guarde individualmente em local seco e protegido da luz. Garantia de satisfação e envio imediato com nota fiscal."
"FS-COLARE_AZUL_COMPACTO_01";"Colare Azul Compacto Feminino Banhado Ouro 18k Ref 01";"40";"1";"Colares";"http://http2.mlstatic.com/D_NQ_NP_797984-MLB115353160251_072026-F.jpg";"MLB7296486112";"Colare Azul Compacto Feminino Banhado Ouro 18k Ref 01 - Fashion Shine Semijoia fina de altíssima qualidade com banho nobre antialérgico, desenvolvida para realçar a beleza e elegância feminina em qualquer ocasião. FICHA TÉCNICA: - Marca: Fashion Shine - Categoria: Colares - Banho: Ouro 18k / Ródio Nobre Hipoalergênico (Livre de Níquel) - Código SKU: FS-COLARE_AZUL_COMPACTO_01 - Preço: R$ 40,00 - Condição: Produto Novo e Embalado - Estoque: Pronta Entrega (1 unidade) DIFERENCIAIS DA MARCA FASHION SHINE: ✔ Verniz de proteção de alta durabilidade (brilho prolongado). ✔ Design moderno, leve e sofisticado. ✔ Acabamento artesanal com rigoroso controle de qualidade. ✔ Excelente opção para presentear alguém especial. DICAS DE CONSERVAÇÃO: - Evite contato direto com perfumes, cremes e produtos químicos. - Retire suas peças antes de tomar banho de mar ou piscina. - Guarde individualmente em local seco e protegido da luz. Garantia de satisfação e envio imediato com nota fiscal."
"FS-COLARE_AZUL_COMPACTO_02";"Colare Azul Compacto Feminino Banhado Ouro 18k Ref 02";"40";"1";"Colares";"http://http2.mlstatic.com/D_NQ_NP_964010-MLB115352897425_072026-F.jpg";"MLB7296486212";"Colare Azul Compacto Feminino Banhado Ouro 18k Ref 02 - Fashion Shine 📷 ANÚNCIO COM GALERIA COMPLETA: Inclui 2 fotos em alta resolução mostrando diferentes ângulos e detalhes reais da peça. Semijoia fina de altíssima qualidade com banho nobre antialérgico, desenvolvida para realçar a beleza e elegância feminina em qualquer ocasião. FICHA TÉCNICA: - Marca: Fashion Shine - Categoria: Colares - Banho: Ouro 18k / Ródio Nobre Hipoalergênico (Livre de Níquel) - Código SKU: FS-COLARE_AZUL_COMPACTO_02 - Preço: R$ 40,00 - Condição: Produto Novo e Embalado - Estoque: Pronta Entrega (1 unidade) DIFERENCIAIS DA MARCA FASHION SHINE: ✔ Verniz de proteção de alta durabilidade (brilho prolongado). ✔ Design moderno, leve e sofisticado. ✔ Acabamento artesanal com rigoroso controle de qualidade. ✔ Excelente opção para presentear alguém especial. DICAS DE CONSERVAÇÃO: - Evite contato direto com perfumes, cremes e produtos químicos. - Retire suas peças antes de tomar banho de mar ou piscina. - Guarde individualmente em local seco e protegido da luz. Garantia de satisfação e envio imediato com nota fiscal."
"FS-COLARE_AZUL_COMPACTO_03";"Colare Azul Compacto Feminino Banhado Ouro 18k Ref 03";"40";"1";"Colares";"http://http2.mlstatic.com/D_NQ_NP_966339-MLB115352926477_072026-F.jpg";"MLB7296486258";"Colare Azul Compacto Feminino Banhado Ouro 18k Ref 03 - Fashion Shine Semijoia fina de altíssima qualidade com banho nobre antialérgico, desenvolvida para realçar a beleza e elegância feminina em qualquer ocasião. FICHA TÉCNICA: - Marca: Fashion Shine - Categoria: Colares - Banho: Ouro 18k / Ródio Nobre Hipoalergênico (Livre de Níquel) - Código SKU: FS-COLARE_AZUL_COMPACTO_03 - Preço: R$ 40,00 - Condição: Produto Novo e Embalado - Estoque: Pronta Entrega (1 unidade) DIFERENCIAIS DA MARCA FASHION SHINE: ✔ Verniz de proteção de alta durabilidade (brilho prolongado). ✔ Design moderno, leve e sofisticado. ✔ Acabamento artesanal com rigoroso controle de qualidade. ✔ Excelente opção para presentear alguém especial. DICAS DE CONSERVAÇÃO: - Evite contato direto com perfumes, cremes e produtos químicos. - Retire suas peças antes de tomar banho de mar ou piscina. - Guarde individualmente em local seco e protegido da luz. Garantia de satisfação e envio imediato com nota fiscal."
"FS-COLARE_AZUL_COMPACTO_04";"Colare Azul Compacto Feminino Banhado Ouro 18k Ref 04";"40";"1";"Colares";"http://http2.mlstatic.com/D_NQ_NP_959371-MLB115353337755_072026-F.jpg";"MLB4972125623";"Colare Azul Compacto Feminino Banhado Ouro 18k Ref 04 - Fashion Shine 📷 ANÚNCIO COM GALERIA COMPLETA: Inclui 3 fotos em alta resolução mostrando diferentes ângulos e detalhes reais da peça. Semijoia fina de altíssima qualidade com banho nobre antialérgico, desenvolvida para realçar a beleza e elegância feminina em qualquer ocasião. FICHA TÉCNICA: - Marca: Fashion Shine - Categoria: Colares - Banho: Ouro 18k / Ródio Nobre Hipoalergênico (Livre de Níquel) - Código SKU: FS-COLARE_AZUL_COMPACTO_04 - Preço: R$ 40,00 - Condição: Produto Novo e Embalado - Estoque: Pronta Entrega (1 unidade) DIFERENCIAIS DA MARCA FASHION SHINE: ✔ Verniz de proteção de alta durabilidade (brilho prolongado). ✔ Design moderno, leve e sofisticado. ✔ Acabamento artesanal com rigoroso controle de qualidade. ✔ Excelente opção para presentear alguém especial. DICAS DE CONSERVAÇÃO: - Evite contato direto com perfumes, cremes e produtos químicos. - Retire suas peças antes de tomar banho de mar ou piscina. - Guarde individualmente em local seco e protegido da luz. Garantia de satisfação e envio imediato com nota fiscal."
"FS-COLARE_AZUL_COMPACTO_05";"Colare Azul Compacto Feminino Banhado Ouro 18k Ref 05";"40";"1";"Colares";"http://http2.mlstatic.com/D_NQ_NP_696526-MLB115352926591_072026-F.jpg";"MLB4972125707";"Colare Azul Compacto Feminino Banhado Ouro 18k Ref 05 - Fashion Shine 📷 ANÚNCIO COM GALERIA COMPLETA: Inclui 2 fotos em alta resolução mostrando diferentes ângulos e detalhes reais da peça. Semijoia fina de altíssima qualidade com banho nobre antialérgico, desenvolvida para realçar a beleza e elegância feminina em qualquer ocasião. FICHA TÉCNICA: - Marca: Fashion Shine - Categoria: Colares - Banho: Ouro 18k / Ródio Nobre Hipoalergênico (Livre de Níquel) - Código SKU: FS-COLARE_AZUL_COMPACTO_05 - Preço: R$ 40,00 - Condição: Produto Novo e Embalado - Estoque: Pronta Entrega (1 unidade) DIFERENCIAIS DA MARCA FASHION SHINE: ✔ Verniz de proteção de alta durabilidade (brilho prolongado). ✔ Design moderno, leve e sofisticado. ✔ Acabamento artesanal com rigoroso controle de qualidade. ✔ Excelente opção para presentear alguém especial. DICAS DE CONSERVAÇÃO: - Evite contato direto com perfumes, cremes e produtos químicos. - Retire suas peças antes de tomar banho de mar ou piscina. - Guarde individualmente em local seco e protegido da luz. Garantia de satisfação e envio imediato com nota fiscal."
"FS-COLARE_AZUL_COMPACTO_06";"Colare Azul Compacto Feminino Banhado Ouro 18k Ref 06";"40";"1";"Colares";"http://http2.mlstatic.com/D_NQ_NP_820660-MLB115353102029_072026-F.jpg";"MLB4972125759";"Colare Azul Compacto Feminino Banhado Ouro 18k Ref 06 - Fashion Shine 📷 ANÚNCIO COM GALERIA COMPLETA: Inclui 2 fotos em alta resolução mostrando diferentes ângulos e detalhes reais da peça. Semijoia fina de altíssima qualidade com banho nobre antialérgico, desenvolvida para realçar a beleza e elegância feminina em qualquer ocasião. FICHA TÉCNICA: - Marca: Fashion Shine - Categoria: Colares - Banho: Ouro 18k / Ródio Nobre Hipoalergênico (Livre de Níquel) - Código SKU: FS-COLARE_AZUL_COMPACTO_06 - Preço: R$ 40,00 - Condição: Produto Novo e Embalado - Estoque: Pronta Entrega (1 unidade) DIFERENCIAIS DA MARCA FASHION SHINE: ✔ Verniz de proteção de alta durabilidade (brilho prolongado). ✔ Design moderno, leve e sofisticado. ✔ Acabamento artesanal com rigoroso controle de qualidade. ✔ Excelente opção para presentear alguém especial. DICAS DE CONSERVAÇÃO: - Evite contato direto com perfumes, cremes e produtos químicos. - Retire suas peças antes de tomar banho de mar ou piscina. - Guarde individualmente em local seco e protegido da luz. Garantia de satisfação e envio imediato com nota fiscal."
"FS-COLARE_AZUL_COMPACTO_07";"Colare Azul Compacto Feminino Banhado Ouro 18k Ref 07";"40";"1";"Colares";"http://http2.mlstatic.com/D_NQ_NP_938934-MLB115353248753_072026-F.jpg";"MLB4972138541";"Colare Azul Compacto Feminino Banhado Ouro 18k Ref 07 - Fashion Shine 📷 ANÚNCIO COM GALERIA COMPLETA: Inclui 2 fotos em alta resolução mostrando diferentes ângulos e detalhes reais da peça. Semijoia fina de altíssima qualidade com banho nobre antialérgico, desenvolvida para realçar a beleza e elegância feminina em qualquer ocasião. FICHA TÉCNICA: - Marca: Fashion Shine - Categoria: Colares - Banho: Ouro 18k / Ródio Nobre Hipoalergênico (Livre de Níquel) - Código SKU: FS-COLARE_AZUL_COMPACTO_07 - Preço: R$ 40,00 - Condição: Produto Novo e Embalado - Estoque: Pronta Entrega (1 unidade) DIFERENCIAIS DA MARCA FASHION SHINE: ✔ Verniz de proteção de alta durabilidade (brilho prolongado). ✔ Design moderno, leve e sofisticado. ✔ Acabamento artesanal com rigoroso controle de qualidade. ✔ Excelente opção para presentear alguém especial. DICAS DE CONSERVAÇÃO: - Evite contato direto com perfumes, cremes e produtos químicos. - Retire suas peças antes de tomar banho de mar ou piscina. - Guarde individualmente em local seco e protegido da luz. Garantia de satisfação e envio imediato com nota fiscal."
"FS-COLARE_AZUL_COMPACTO_08";"Colare Azul Compacto Feminino Banhado Ouro 18k Ref 08";"40";"1";"Colares";"http://http2.mlstatic.com/D_NQ_NP_945941-MLB115353248843_072026-F.jpg";"MLB4972138577";"Colare Azul Compacto Feminino Banhado Ouro 18k Ref 08 - Fashion Shine Semijoia fina de altíssima qualidade com banho nobre antialérgico, desenvolvida para realçar a beleza e elegância feminina em qualquer ocasião. FICHA TÉCNICA: - Marca: Fashion Shine - Categoria: Colares - Banho: Ouro 18k / Ródio Nobre Hipoalergênico (Livre de Níquel) - Código SKU: FS-COLARE_AZUL_COMPACTO_08 - Preço: R$ 40,00 - Condição: Produto Novo e Embalado - Estoque: Pronta Entrega (1 unidade) DIFERENCIAIS DA MARCA FASHION SHINE: ✔ Verniz de proteção de alta durabilidade (brilho prolongado). ✔ Design moderno, leve e sofisticado. ✔ Acabamento artesanal com rigoroso controle de qualidade. ✔ Excelente opção para presentear alguém especial. DICAS DE CONSERVAÇÃO: - Evite contato direto com perfumes, cremes e produtos químicos. - Retire suas peças antes de tomar banho de mar ou piscina. - Guarde individualmente em local seco e protegido da luz. Garantia de satisfação e envio imediato com nota fiscal."
"FS-COLARE_AZUL_LARGO_01";"Colare Azul Largo Feminino Banhado Ouro 18k Ref 01";"40";"1";"Colares";"http://http2.mlstatic.com/D_NQ_NP_675816-MLB115352838449_072026-F.jpg";"MLB4972151545";"Colare Azul Largo Feminino Banhado Ouro 18k Ref 01 - Fashion Shine Semijoia fina de altíssima qualidade com banho nobre antialérgico, desenvolvida para realçar a beleza e elegância feminina em qualquer ocasião. FICHA TÉCNICA: - Marca: Fashion Shine - Categoria: Colares - Banho: Ouro 18k / Ródio Nobre Hipoalergênico (Livre de Níquel) - Código SKU: FS-COLARE_AZUL_LARGO_01 - Preço: R$ 40,00 - Condição: Produto Novo e Embalado - Estoque: Pronta Entrega (1 unidade) DIFERENCIAIS DA MARCA FASHION SHINE: ✔ Verniz de proteção de alta durabilidade (brilho prolongado). ✔ Design moderno, leve e sofisticado. ✔ Acabamento artesanal com rigoroso controle de qualidade. ✔ Excelente opção para presentear alguém especial. DICAS DE CONSERVAÇÃO: - Evite contato direto com perfumes, cremes e produtos químicos. - Retire suas peças antes de tomar banho de mar ou piscina. - Guarde individualmente em local seco e protegido da luz. Garantia de satisfação e envio imediato com nota fiscal."
"FS-COLARE_AZUL_LONGO_01";"Colare Azul Longo Feminino Banhado Ouro 18k Ref 01";"40";"1";"Colares";"http://http2.mlstatic.com/D_NQ_NP_917508-MLB115353102275_072026-F.jpg";"MLB4972138661";"Colare Azul Longo Feminino Banhado Ouro 18k Ref 01 - Fashion Shine Semijoia fina de altíssima qualidade com banho nobre antialérgico, desenvolvida para realçar a beleza e elegância feminina em qualquer ocasião. FICHA TÉCNICA: - Marca: Fashion Shine - Categoria: Colares - Banho: Ouro 18k / Ródio Nobre Hipoalergênico (Livre de Níquel) - Código SKU: FS-COLARE_AZUL_LONGO_01 - Preço: R$ 40,00 - Condição: Produto Novo e Embalado - Estoque: Pronta Entrega (1 unidade) DIFERENCIAIS DA MARCA FASHION SHINE: ✔ Verniz de proteção de alta durabilidade (brilho prolongado). ✔ Design moderno, leve e sofisticado. ✔ Acabamento artesanal com rigoroso controle de qualidade. ✔ Excelente opção para presentear alguém especial. DICAS DE CONSERVAÇÃO: - Evite contato direto com perfumes, cremes e produtos químicos. - Retire suas peças antes de tomar banho de mar ou piscina. - Guarde individualmente em local seco e protegido da luz. Garantia de satisfação e envio imediato com nota fiscal."
"FS-COLARE_AZUL_LONGO_02";"Colare Azul Longo Feminino Banhado Ouro 18k Ref 02";"40";"1";"Colares";"http://http2.mlstatic.com/D_NQ_NP_672985-MLB115352955517_072026-F.jpg";"MLB4972138755";"Colare Azul Longo Feminino Banhado Ouro 18k Ref 02 - Fashion Shine 📷 ANÚNCIO COM GALERIA COMPLETA: Inclui 2 fotos em alta resolução mostrando diferentes ângulos e detalhes reais da peça. Semijoia fina de altíssima qualidade com banho nobre antialérgico, desenvolvida para realçar a beleza e elegância feminina em qualquer ocasião. FICHA TÉCNICA: - Marca: Fashion Shine - Categoria: Colares - Banho: Ouro 18k / Ródio Nobre Hipoalergênico (Livre de Níquel) - Código SKU: FS-COLARE_AZUL_LONGO_02 - Preço: R$ 40,00 - Condição: Produto Novo e Embalado - Estoque: Pronta Entrega (1 unidade) DIFERENCIAIS DA MARCA FASHION SHINE: ✔ Verniz de proteção de alta durabilidade (brilho prolongado). ✔ Design moderno, leve e sofisticado. ✔ Acabamento artesanal com rigoroso controle de qualidade. ✔ Excelente opção para presentear alguém especial. DICAS DE CONSERVAÇÃO: - Evite contato direto com perfumes, cremes e produtos químicos. - Retire suas peças antes de tomar banho de mar ou piscina. - Guarde individualmente em local seco e protegido da luz. Garantia de satisfação e envio imediato com nota fiscal."
"FS-COLARE_AZUL_LONGO_03";"Colare Azul Longo Feminino Banhado Ouro 18k Ref 03";"40";"1";"Colares";"http://http2.mlstatic.com/D_NQ_NP_847671-MLB115352838631_072026-F.jpg";"MLB4972151749";"Colare Azul Longo Feminino Banhado Ouro 18k Ref 03 - Fashion Shine Semijoia fina de altíssima qualidade com banho nobre antialérgico, desenvolvida para realçar a beleza e elegância feminina em qualquer ocasião. FICHA TÉCNICA: - Marca: Fashion Shine - Categoria: Colares - Banho: Ouro 18k / Ródio Nobre Hipoalergênico (Livre de Níquel) - Código SKU: FS-COLARE_AZUL_LONGO_03 - Preço: R$ 40,00 - Condição: Produto Novo e Embalado - Estoque: Pronta Entrega (1 unidade) DIFERENCIAIS DA MARCA FASHION SHINE: ✔ Verniz de proteção de alta durabilidade (brilho prolongado). ✔ Design moderno, leve e sofisticado. ✔ Acabamento artesanal com rigoroso controle de qualidade. ✔ Excelente opção para presentear alguém especial. DICAS DE CONSERVAÇÃO: - Evite contato direto com perfumes, cremes e produtos químicos. - Retire suas peças antes de tomar banho de mar ou piscina. - Guarde individualmente em local seco e protegido da luz. Garantia de satisfação e envio imediato com nota fiscal."
"FS-COLARE_AZUL_LONGO_04";"Colare Azul Longo Feminino Banhado Ouro 18k Ref 04";"40";"1";"Colares";"http://http2.mlstatic.com/D_NQ_NP_813772-MLB115353279017_072026-F.jpg";"MLB4972126183";"Colare Azul Longo Feminino Banhado Ouro 18k Ref 04 - Fashion Shine 📷 ANÚNCIO COM GALERIA COMPLETA: Inclui 5 fotos em alta resolução mostrando diferentes ângulos e detalhes reais da peça. Semijoia fina de altíssima qualidade com banho nobre antialérgico, desenvolvida para realçar a beleza e elegância feminina em qualquer ocasião. FICHA TÉCNICA: - Marca: Fashion Shine - Categoria: Colares - Banho: Ouro 18k / Ródio Nobre Hipoalergênico (Livre de Níquel) - Código SKU: FS-COLARE_AZUL_LONGO_04 - Preço: R$ 40,00 - Condição: Produto Novo e Embalado - Estoque: Pronta Entrega (1 unidade) DIFERENCIAIS DA MARCA FASHION SHINE: ✔ Verniz de proteção de alta durabilidade (brilho prolongado). ✔ Design moderno, leve e sofisticado. ✔ Acabamento artesanal com rigoroso controle de qualidade. ✔ Excelente opção para presentear alguém especial. DICAS DE CONSERVAÇÃO: - Evite contato direto com perfumes, cremes e produtos químicos. - Retire suas peças antes de tomar banho de mar ou piscina. - Guarde individualmente em local seco e protegido da luz. Garantia de satisfação e envio imediato com nota fiscal."
"FS-COLARE_AZUL_LONGO_05";"Colare Azul Longo Feminino Banhado Ouro 18k Ref 05";"40";"1";"Colares";"http://http2.mlstatic.com/D_NQ_NP_644843-MLB115353015101_072026-F.jpg";"MLB4972138941";"Colare Azul Longo Feminino Banhado Ouro 18k Ref 05 - Fashion Shine Semijoia fina de altíssima qualidade com banho nobre antialérgico, desenvolvida para realçar a beleza e elegância feminina em qualquer ocasião. FICHA TÉCNICA: - Marca: Fashion Shine - Categoria: Colares - Banho: Ouro 18k / Ródio Nobre Hipoalergênico (Livre de Níquel) - Código SKU: FS-COLARE_AZUL_LONGO_05 - Preço: R$ 40,00 - Condição: Produto Novo e Embalado - Estoque: Pronta Entrega (1 unidade) DIFERENCIAIS DA MARCA FASHION SHINE: ✔ Verniz de proteção de alta durabilidade (brilho prolongado). ✔ Design moderno, leve e sofisticado. ✔ Acabamento artesanal com rigoroso controle de qualidade. ✔ Excelente opção para presentear alguém especial. DICAS DE CONSERVAÇÃO: - Evite contato direto com perfumes, cremes e produtos químicos. - Retire suas peças antes de tomar banho de mar ou piscina. - Guarde individualmente em local seco e protegido da luz. Garantia de satisfação e envio imediato com nota fiscal."
"FS-COLARE_AZUL_LONGO_06";"Colare Azul Longo Feminino Banhado Ouro 18k Ref 06";"40";"1";"Colares";"http://http2.mlstatic.com/D_NQ_NP_795912-MLB114032893970_072026-F.jpg";"MLB4972138981";"Colare Azul Longo Feminino Banhado Ouro 18k Ref 06 - Fashion Shine Semijoia fina de altíssima qualidade com banho nobre antialérgico, desenvolvida para realçar a beleza e elegância feminina em qualquer ocasião. FICHA TÉCNICA: - Marca: Fashion Shine - Categoria: Colares - Banho: Ouro 18k / Ródio Nobre Hipoalergênico (Livre de Níquel) - Código SKU: FS-COLARE_AZUL_LONGO_06 - Preço: R$ 40,00 - Condição: Produto Novo e Embalado - Estoque: Pronta Entrega (1 unidade) DIFERENCIAIS DA MARCA FASHION SHINE: ✔ Verniz de proteção de alta durabilidade (brilho prolongado). ✔ Design moderno, leve e sofisticado. ✔ Acabamento artesanal com rigoroso controle de qualidade. ✔ Excelente opção para presentear alguém especial. DICAS DE CONSERVAÇÃO: - Evite contato direto com perfumes, cremes e produtos químicos. - Retire suas peças antes de tomar banho de mar ou piscina. - Guarde individualmente em local seco e protegido da luz. Garantia de satisfação e envio imediato com nota fiscal."
"FS-COLARE_AZUL_LONGO_07";"Colare Azul Longo Feminino Banhado Ouro 18k Ref 07";"40";"1";"Colares";"http://http2.mlstatic.com/D_NQ_NP_734377-MLB115353102711_072026-F.jpg";"MLB4972151907";"Colare Azul Longo Feminino Banhado Ouro 18k Ref 07 - Fashion Shine Semijoia fina de altíssima qualidade com banho nobre antialérgico, desenvolvida para realçar a beleza e elegância feminina em qualquer ocasião. FICHA TÉCNICA: - Marca: Fashion Shine - Categoria: Colares - Banho: Ouro 18k / Ródio Nobre Hipoalergênico (Livre de Níquel) - Código SKU: FS-COLARE_AZUL_LONGO_07 - Preço: R$ 40,00 - Condição: Produto Novo e Embalado - Estoque: Pronta Entrega (1 unidade) DIFERENCIAIS DA MARCA FASHION SHINE: ✔ Verniz de proteção de alta durabilidade (brilho prolongado). ✔ Design moderno, leve e sofisticado. ✔ Acabamento artesanal com rigoroso controle de qualidade. ✔ Excelente opção para presentear alguém especial. DICAS DE CONSERVAÇÃO: - Evite contato direto com perfumes, cremes e produtos químicos. - Retire suas peças antes de tomar banho de mar ou piscina. - Guarde individualmente em local seco e protegido da luz. Garantia de satisfação e envio imediato com nota fiscal."
"FS-COLARE_DOURADO_COMPACTO_01";"Colare Dourado Compacto Feminino Banhado Ouro 18k Ref 01";"40";"1";"Colares";"http://http2.mlstatic.com/D_NQ_NP_950461-MLB115353161361_072026-F.jpg";"MLB4972126333";"Colare Dourado Compacto Feminino Banhado Ouro 18k Ref 01 - Fashion Shine 📷 ANÚNCIO COM GALERIA COMPLETA: Inclui 2 fotos em alta resolução mostrando diferentes ângulos e detalhes reais da peça. Semijoia fina de altíssima qualidade com banho nobre antialérgico, desenvolvida para realçar a beleza e elegância feminina em qualquer ocasião. FICHA TÉCNICA: - Marca: Fashion Shine - Categoria: Colares - Banho: Ouro 18k / Ródio Nobre Hipoalergênico (Livre de Níquel) - Código SKU: FS-COLARE_DOURADO_COMPACTO_01 - Preço: R$ 40,00 - Condição: Produto Novo e Embalado - Estoque: Pronta Entrega (1 unidade) DIFERENCIAIS DA MARCA FASHION SHINE: ✔ Verniz de proteção de alta durabilidade (brilho prolongado). ✔ Design moderno, leve e sofisticado. ✔ Acabamento artesanal com rigoroso controle de qualidade. ✔ Excelente opção para presentear alguém especial. DICAS DE CONSERVAÇÃO: - Evite contato direto com perfumes, cremes e produtos químicos. - Retire suas peças antes de tomar banho de mar ou piscina. - Guarde individualmente em local seco e protegido da luz. Garantia de satisfação e envio imediato com nota fiscal."
"FS-COLARE_DOURADO_COMPACTO_02";"Colare Dourado Compacto Feminino Banhado Ouro 18k Ref 02";"40";"1";"Colares";"http://http2.mlstatic.com/D_NQ_NP_893286-MLB115353044161_072026-F.jpg";"MLB4972151983";"Colare Dourado Compacto Feminino Banhado Ouro 18k Ref 02 - Fashion Shine Semijoia fina de altíssima qualidade com banho nobre antialérgico, desenvolvida para realçar a beleza e elegância feminina em qualquer ocasião. FICHA TÉCNICA: - Marca: Fashion Shine - Categoria: Colares - Banho: Ouro 18k / Ródio Nobre Hipoalergênico (Livre de Níquel) - Código SKU: FS-COLARE_DOURADO_COMPACTO_02 - Preço: R$ 40,00 - Condição: Produto Novo e Embalado - Estoque: Pronta Entrega (1 unidade) DIFERENCIAIS DA MARCA FASHION SHINE: ✔ Verniz de proteção de alta durabilidade (brilho prolongado). ✔ Design moderno, leve e sofisticado. ✔ Acabamento artesanal com rigoroso controle de qualidade. ✔ Excelente opção para presentear alguém especial. DICAS DE CONSERVAÇÃO: - Evite contato direto com perfumes, cremes e produtos químicos. - Retire suas peças antes de tomar banho de mar ou piscina. - Guarde individualmente em local seco e protegido da luz. Garantia de satisfação e envio imediato com nota fiscal."
"FS-COLARE_DOURADO_COMPACTO_03";"Colare Dourado Compacto Feminino Banhado Ouro 18k Ref 03";"40";"1";"Colares";"http://http2.mlstatic.com/D_NQ_NP_601154-MLB115352986245_072026-F.jpg";"MLB4972126425";"Colare Dourado Compacto Feminino Banhado Ouro 18k Ref 03 - Fashion Shine 📷 ANÚNCIO COM GALERIA COMPLETA: Inclui 2 fotos em alta resolução mostrando diferentes ângulos e detalhes reais da peça. Semijoia fina de altíssima qualidade com banho nobre antialérgico, desenvolvida para realçar a beleza e elegância feminina em qualquer ocasião. FICHA TÉCNICA: - Marca: Fashion Shine - Categoria: Colares - Banho: Ouro 18k / Ródio Nobre Hipoalergênico (Livre de Níquel) - Código SKU: FS-COLARE_DOURADO_COMPACTO_03 - Preço: R$ 40,00 - Condição: Produto Novo e Embalado - Estoque: Pronta Entrega (1 unidade) DIFERENCIAIS DA MARCA FASHION SHINE: ✔ Verniz de proteção de alta durabilidade (brilho prolongado). ✔ Design moderno, leve e sofisticado. ✔ Acabamento artesanal com rigoroso controle de qualidade. ✔ Excelente opção para presentear alguém especial. DICAS DE CONSERVAÇÃO: - Evite contato direto com perfumes, cremes e produtos químicos. - Retire suas peças antes de tomar banho de mar ou piscina. - Guarde individualmente em local seco e protegido da luz. Garantia de satisfação e envio imediato com nota fiscal."
"FS-COLARE_DOURADO_COMPACTO_04";"Colare Dourado Compacto Feminino Banhado Ouro 18k Ref 04";"40";"1";"Colares";"http://http2.mlstatic.com/D_NQ_NP_774333-MLB115352927683_072026-F.jpg";"MLB4972126467";"Colare Dourado Compacto Feminino Banhado Ouro 18k Ref 04 - Fashion Shine Semijoia fina de altíssima qualidade com banho nobre antialérgico, desenvolvida para realçar a beleza e elegância feminina em qualquer ocasião. FICHA TÉCNICA: - Marca: Fashion Shine - Categoria: Colares - Banho: Ouro 18k / Ródio Nobre Hipoalergênico (Livre de Níquel) - Código SKU: FS-COLARE_DOURADO_COMPACTO_04 - Preço: R$ 40,00 - Condição: Produto Novo e Embalado - Estoque: Pronta Entrega (1 unidade) DIFERENCIAIS DA MARCA FASHION SHINE: ✔ Verniz de proteção de alta durabilidade (brilho prolongado). ✔ Design moderno, leve e sofisticado. ✔ Acabamento artesanal com rigoroso controle de qualidade. ✔ Excelente opção para presentear alguém especial. DICAS DE CONSERVAÇÃO: - Evite contato direto com perfumes, cremes e produtos químicos. - Retire suas peças antes de tomar banho de mar ou piscina. - Guarde individualmente em local seco e protegido da luz. Garantia de satisfação e envio imediato com nota fiscal."
"FS-COLARE_DOURADO_COMPACTO_05";"Colare Dourado Compacto Feminino Banhado Ouro 18k Ref 05";"40";"1";"Colares";"http://http2.mlstatic.com/D_NQ_NP_956016-MLB114033100072_072026-F.jpg";"MLB4972139229";"Colare Dourado Compacto Feminino Banhado Ouro 18k Ref 05 - Fashion Shine Semijoia fina de altíssima qualidade com banho nobre antialérgico, desenvolvida para realçar a beleza e elegância feminina em qualquer ocasião. FICHA TÉCNICA: - Marca: Fashion Shine - Categoria: Colares - Banho: Ouro 18k / Ródio Nobre Hipoalergênico (Livre de Níquel) - Código SKU: FS-COLARE_DOURADO_COMPACTO_05 - Preço: R$ 40,00 - Condição: Produto Novo e Embalado - Estoque: Pronta Entrega (1 unidade) DIFERENCIAIS DA MARCA FASHION SHINE: ✔ Verniz de proteção de alta durabilidade (brilho prolongado). ✔ Design moderno, leve e sofisticado. ✔ Acabamento artesanal com rigoroso controle de qualidade. ✔ Excelente opção para presentear alguém especial. DICAS DE CONSERVAÇÃO: - Evite contato direto com perfumes, cremes e produtos químicos. - Retire suas peças antes de tomar banho de mar ou piscina. - Guarde individualmente em local seco e protegido da luz. Garantia de satisfação e envio imediato com nota fiscal."
"FS-COLARE_DOURADO_COMPACTO_06";"Colare Dourado Compacto Feminino Banhado Ouro 18k Ref 06";"40";"1";"Colares";"http://http2.mlstatic.com/D_NQ_NP_750851-MLB115353368709_072026-F.jpg";"MLB4972126535";"Colare Dourado Compacto Feminino Banhado Ouro 18k Ref 06 - Fashion Shine Semijoia fina de altíssima qualidade com banho nobre antialérgico, desenvolvida para realçar a beleza e elegância feminina em qualquer ocasião. FICHA TÉCNICA: - Marca: Fashion Shine - Categoria: Colares - Banho: Ouro 18k / Ródio Nobre Hipoalergênico (Livre de Níquel) - Código SKU: FS-COLARE_DOURADO_COMPACTO_06 - Preço: R$ 40,00 - Condição: Produto Novo e Embalado - Estoque: Pronta Entrega (1 unidade) DIFERENCIAIS DA MARCA FASHION SHINE: ✔ Verniz de proteção de alta durabilidade (brilho prolongado). ✔ Design moderno, leve e sofisticado. ✔ Acabamento artesanal com rigoroso controle de qualidade. ✔ Excelente opção para presentear alguém especial. DICAS DE CONSERVAÇÃO: - Evite contato direto com perfumes, cremes e produtos químicos. - Retire suas peças antes de tomar banho de mar ou piscina. - Guarde individualmente em local seco e protegido da luz. Garantia de satisfação e envio imediato com nota fiscal."
"FS-COLARE_DOURADO_COMPACTO_07";"Colare Dourado Compacto Feminino Banhado Ouro 18k Ref 07";"40";"1";"Colares";"http://http2.mlstatic.com/D_NQ_NP_641068-MLB115353368779_072026-F.jpg";"MLB4972126579";"Colare Dourado Compacto Feminino Banhado Ouro 18k Ref 07 - Fashion Shine Semijoia fina de altíssima qualidade com banho nobre antialérgico, desenvolvida para realçar a beleza e elegância feminina em qualquer ocasião. FICHA TÉCNICA: - Marca: Fashion Shine - Categoria: Colares - Banho: Ouro 18k / Ródio Nobre Hipoalergênico (Livre de Níquel) - Código SKU: FS-COLARE_DOURADO_COMPACTO_07 - Preço: R$ 40,00 - Condição: Produto Novo e Embalado - Estoque: Pronta Entrega (1 unidade) DIFERENCIAIS DA MARCA FASHION SHINE: ✔ Verniz de proteção de alta durabilidade (brilho prolongado). ✔ Design moderno, leve e sofisticado. ✔ Acabamento artesanal com rigoroso controle de qualidade. ✔ Excelente opção para presentear alguém especial. DICAS DE CONSERVAÇÃO: - Evite contato direto com perfumes, cremes e produtos químicos. - Retire suas peças antes de tomar banho de mar ou piscina. - Guarde individualmente em local seco e protegido da luz. Garantia de satisfação e envio imediato com nota fiscal."
"FS-COLARE_DOURADO_COMPACTO_08";"Colare Dourado Compacto Feminino Banhado Ouro 18k Ref 08";"40";"1";"Colares";"http://http2.mlstatic.com/D_NQ_NP_738780-MLB115353161799_072026-F.jpg";"MLB4972152227";"Colare Dourado Compacto Feminino Banhado Ouro 18k Ref 08 - Fashion Shine Semijoia fina de altíssima qualidade com banho nobre antialérgico, desenvolvida para realçar a beleza e elegância feminina em qualquer ocasião. FICHA TÉCNICA: - Marca: Fashion Shine - Categoria: Colares - Banho: Ouro 18k / Ródio Nobre Hipoalergênico (Livre de Níquel) - Código SKU: FS-COLARE_DOURADO_COMPACTO_08 - Preço: R$ 40,00 - Condição: Produto Novo e Embalado - Estoque: Pronta Entrega (1 unidade) DIFERENCIAIS DA MARCA FASHION SHINE: ✔ Verniz de proteção de alta durabilidade (brilho prolongado). ✔ Design moderno, leve e sofisticado. ✔ Acabamento artesanal com rigoroso controle de qualidade. ✔ Excelente opção para presentear alguém especial. DICAS DE CONSERVAÇÃO: - Evite contato direto com perfumes, cremes e produtos químicos. - Retire suas peças antes de tomar banho de mar ou piscina. - Guarde individualmente em local seco e protegido da luz. Garantia de satisfação e envio imediato com nota fiscal."
"FS-COLARE_DOURADO_COMPACTO_09";"Colare Dourado Compacto Feminino Banhado Ouro 18k Ref 09";"40";"1";"Colares";"http://http2.mlstatic.com/D_NQ_NP_875957-MLB115352956491_072026-F.jpg";"MLB4972152265";"Colare Dourado Compacto Feminino Banhado Ouro 18k Ref 09 - Fashion Shine Semijoia fina de altíssima qualidade com banho nobre antialérgico, desenvolvida para realçar a beleza e elegância feminina em qualquer ocasião. FICHA TÉCNICA: - Marca: Fashion Shine - Categoria: Colares - Banho: Ouro 18k / Ródio Nobre Hipoalergênico (Livre de Níquel) - Código SKU: FS-COLARE_DOURADO_COMPACTO_09 - Preço: R$ 40,00 - Condição: Produto Novo e Embalado - Estoque: Pronta Entrega (1 unidade) DIFERENCIAIS DA MARCA FASHION SHINE: ✔ Verniz de proteção de alta durabilidade (brilho prolongado). ✔ Design moderno, leve e sofisticado. ✔ Acabamento artesanal com rigoroso controle de qualidade. ✔ Excelente opção para presentear alguém especial. DICAS DE CONSERVAÇÃO: - Evite contato direto com perfumes, cremes e produtos químicos. - Retire suas peças antes de tomar banho de mar ou piscina. - Guarde individualmente em local seco e protegido da luz. Garantia de satisfação e envio imediato com nota fiscal."
"FS-COLARE_DOURADO_COMPACTO_10";"Colare Dourado Compacto Feminino Banhado Ouro 18k Ref 10";"40";"1";"Colares";"http://http2.mlstatic.com/D_NQ_NP_907583-MLB115353279921_072026-F.jpg";"MLB4972152295";"Colare Dourado Compacto Feminino Banhado Ouro 18k Ref 10 - Fashion Shine 📷 ANÚNCIO COM GALERIA COMPLETA: Inclui 2 fotos em alta resolução mostrando diferentes ângulos e detalhes reais da peça. Semijoia fina de altíssima qualidade com banho nobre antialérgico, desenvolvida para realçar a beleza e elegância feminina em qualquer ocasião. FICHA TÉCNICA: - Marca: Fashion Shine - Categoria: Colares - Banho: Ouro 18k / Ródio Nobre Hipoalergênico (Livre de Níquel) - Código SKU: FS-COLARE_DOURADO_COMPACTO_10 - Preço: R$ 40,00 - Condição: Produto Novo e Embalado - Estoque: Pronta Entrega (1 unidade) DIFERENCIAIS DA MARCA FASHION SHINE: ✔ Verniz de proteção de alta durabilidade (brilho prolongado). ✔ Design moderno, leve e sofisticado. ✔ Acabamento artesanal com rigoroso controle de qualidade. ✔ Excelente opção para presentear alguém especial. DICAS DE CONSERVAÇÃO: - Evite contato direto com perfumes, cremes e produtos químicos. - Retire suas peças antes de tomar banho de mar ou piscina. - Guarde individualmente em local seco e protegido da luz. Garantia de satisfação e envio imediato com nota fiscal."
"FS-COLARE_DOURADO_COMPACTO_11";"Colare Dourado Compacto Feminino Banhado Ouro 18k Ref 11";"40";"1";"Colares";"http://http2.mlstatic.com/D_NQ_NP_603721-MLB115353339387_072026-F.jpg";"MLB4972152329";"Colare Dourado Compacto Feminino Banhado Ouro 18k Ref 11 - Fashion Shine Semijoia fina de altíssima qualidade com banho nobre antialérgico, desenvolvida para realçar a beleza e elegância feminina em qualquer ocasião. FICHA TÉCNICA: - Marca: Fashion Shine - Categoria: Colares - Banho: Ouro 18k / Ródio Nobre Hipoalergênico (Livre de Níquel) - Código SKU: FS-COLARE_DOURADO_COMPACTO_11 - Preço: R$ 40,00 - Condição: Produto Novo e Embalado - Estoque: Pronta Entrega (1 unidade) DIFERENCIAIS DA MARCA FASHION SHINE: ✔ Verniz de proteção de alta durabilidade (brilho prolongado). ✔ Design moderno, leve e sofisticado. ✔ Acabamento artesanal com rigoroso controle de qualidade. ✔ Excelente opção para presentear alguém especial. DICAS DE CONSERVAÇÃO: - Evite contato direto com perfumes, cremes e produtos químicos. - Retire suas peças antes de tomar banho de mar ou piscina. - Guarde individualmente em local seco e protegido da luz. Garantia de satisfação e envio imediato com nota fiscal."
"FS-COLARE_DOURADO_COMPACTO_12";"Colare Dourado Compacto Feminino Banhado Ouro 18k Ref 12";"40";"1";"Colares";"http://http2.mlstatic.com/D_NQ_NP_745993-MLB115353369101_072026-F.jpg";"MLB4972126797";"Colare Dourado Compacto Feminino Banhado Ouro 18k Ref 12 - Fashion Shine 📷 ANÚNCIO COM GALERIA COMPLETA: Inclui 3 fotos em alta resolução mostrando diferentes ângulos e detalhes reais da peça. Semijoia fina de altíssima qualidade com banho nobre antialérgico, desenvolvida para realçar a beleza e elegância feminina em qualquer ocasião. FICHA TÉCNICA: - Marca: Fashion Shine - Categoria: Colares - Banho: Ouro 18k / Ródio Nobre Hipoalergênico (Livre de Níquel) - Código SKU: FS-COLARE_DOURADO_COMPACTO_12 - Preço: R$ 40,00 - Condição: Produto Novo e Embalado - Estoque: Pronta Entrega (1 unidade) DIFERENCIAIS DA MARCA FASHION SHINE: ✔ Verniz de proteção de alta durabilidade (brilho prolongado). ✔ Design moderno, leve e sofisticado. ✔ Acabamento artesanal com rigoroso controle de qualidade. ✔ Excelente opção para presentear alguém especial. DICAS DE CONSERVAÇÃO: - Evite contato direto com perfumes, cremes e produtos químicos. - Retire suas peças antes de tomar banho de mar ou piscina. - Guarde individualmente em local seco e protegido da luz. Garantia de satisfação e envio imediato com nota fiscal."
"FS-COLARE_DOURADO_COMPACTO_13";"Colare Dourado Compacto Feminino Banhado Ouro 18k Ref 13";"40";"1";"Colares";"http://http2.mlstatic.com/D_NQ_NP_766503-MLB115352986899_072026-F.jpg";"MLB4972139557";"Colare Dourado Compacto Feminino Banhado Ouro 18k Ref 13 - Fashion Shine 📷 ANÚNCIO COM GALERIA COMPLETA: Inclui 2 fotos em alta resolução mostrando diferentes ângulos e detalhes reais da peça. Semijoia fina de altíssima qualidade com banho nobre antialérgico, desenvolvida para realçar a beleza e elegância feminina em qualquer ocasião. FICHA TÉCNICA: - Marca: Fashion Shine - Categoria: Colares - Banho: Ouro 18k / Ródio Nobre Hipoalergênico (Livre de Níquel) - Código SKU: FS-COLARE_DOURADO_COMPACTO_13 - Preço: R$ 40,00 - Condição: Produto Novo e Embalado - Estoque: Pronta Entrega (1 unidade) DIFERENCIAIS DA MARCA FASHION SHINE: ✔ Verniz de proteção de alta durabilidade (brilho prolongado). ✔ Design moderno, leve e sofisticado. ✔ Acabamento artesanal com rigoroso controle de qualidade. ✔ Excelente opção para presentear alguém especial. DICAS DE CONSERVAÇÃO: - Evite contato direto com perfumes, cremes e produtos químicos. - Retire suas peças antes de tomar banho de mar ou piscina. - Guarde individualmente em local seco e protegido da luz. Garantia de satisfação e envio imediato com nota fiscal."
"FS-COLARE_DOURADO_COMPACTO_14";"Colare Dourado Compacto Feminino Banhado Ouro 18k Ref 14";"40";"1";"Colares";"http://http2.mlstatic.com/D_NQ_NP_798138-MLB115353016253_072026-F.jpg";"MLB4972152489";"Colare Dourado Compacto Feminino Banhado Ouro 18k Ref 14 - Fashion Shine Semijoia fina de altíssima qualidade com banho nobre antialérgico, desenvolvida para realçar a beleza e elegância feminina em qualquer ocasião. FICHA TÉCNICA: - Marca: Fashion Shine - Categoria: Colares - Banho: Ouro 18k / Ródio Nobre Hipoalergênico (Livre de Níquel) - Código SKU: FS-COLARE_DOURADO_COMPACTO_14 - Preço: R$ 40,00 - Condição: Produto Novo e Embalado - Estoque: Pronta Entrega (1 unidade) DIFERENCIAIS DA MARCA FASHION SHINE: ✔ Verniz de proteção de alta durabilidade (brilho prolongado). ✔ Design moderno, leve e sofisticado. ✔ Acabamento artesanal com rigoroso controle de qualidade. ✔ Excelente opção para presentear alguém especial. DICAS DE CONSERVAÇÃO: - Evite contato direto com perfumes, cremes e produtos químicos. - Retire suas peças antes de tomar banho de mar ou piscina. - Guarde individualmente em local seco e protegido da luz. Garantia de satisfação e envio imediato com nota fiscal."
"FS-COLARE_DOURADO_COMPACTO_15";"Colare Dourado Compacto Feminino Banhado Ouro 18k Ref 15";"40";"1";"Colares";"http://http2.mlstatic.com/D_NQ_NP_844892-MLB115353595049_072026-F.jpg";"MLB4972139617";"Colare Dourado Compacto Feminino Banhado Ouro 18k Ref 15 - Fashion Shine Semijoia fina de altíssima qualidade com banho nobre antialérgico, desenvolvida para realçar a beleza e elegância feminina em qualquer ocasião. FICHA TÉCNICA: - Marca: Fashion Shine - Categoria: Colares - Banho: Ouro 18k / Ródio Nobre Hipoalergênico (Livre de Níquel) - Código SKU: FS-COLARE_DOURADO_COMPACTO_15 - Preço: R$ 40,00 - Condição: Produto Novo e Embalado - Estoque: Pronta Entrega (1 unidade) DIFERENCIAIS DA MARCA FASHION SHINE: ✔ Verniz de proteção de alta durabilidade (brilho prolongado). ✔ Design moderno, leve e sofisticado. ✔ Acabamento artesanal com rigoroso controle de qualidade. ✔ Excelente opção para presentear alguém especial. DICAS DE CONSERVAÇÃO: - Evite contato direto com perfumes, cremes e produtos químicos. - Retire suas peças antes de tomar banho de mar ou piscina. - Guarde individualmente em local seco e protegido da luz. Garantia de satisfação e envio imediato com nota fiscal."
"FS-COLARE_DOURADO_COMPACTO_16";"Colare Dourado Compacto Feminino Banhado Ouro 18k Ref 16";"40";"1";"Colares";"http://http2.mlstatic.com/D_NQ_NP_909368-MLB115352928397_072026-F.jpg";"MLB4972139651";"Colare Dourado Compacto Feminino Banhado Ouro 18k Ref 16 - Fashion Shine Semijoia fina de altíssima qualidade com banho nobre antialérgico, desenvolvida para realçar a beleza e elegância feminina em qualquer ocasião. FICHA TÉCNICA: - Marca: Fashion Shine - Categoria: Colares - Banho: Ouro 18k / Ródio Nobre Hipoalergênico (Livre de Níquel) - Código SKU: FS-COLARE_DOURADO_COMPACTO_16 - Preço: R$ 40,00 - Condição: Produto Novo e Embalado - Estoque: Pronta Entrega (1 unidade) DIFERENCIAIS DA MARCA FASHION SHINE: ✔ Verniz de proteção de alta durabilidade (brilho prolongado). ✔ Design moderno, leve e sofisticado. ✔ Acabamento artesanal com rigoroso controle de qualidade. ✔ Excelente opção para presentear alguém especial. DICAS DE CONSERVAÇÃO: - Evite contato direto com perfumes, cremes e produtos químicos. - Retire suas peças antes de tomar banho de mar ou piscina. - Guarde individualmente em local seco e protegido da luz. Garantia de satisfação e envio imediato com nota fiscal."
"FS-COLARE_DOURADO_COMPACTO_17";"Colare Dourado Compacto Feminino Banhado Ouro 18k Ref 17";"40";"1";"Colares";"http://http2.mlstatic.com/D_NQ_NP_909389-MLB115353103821_072026-F.jpg";"MLB4972152603";"Colare Dourado Compacto Feminino Banhado Ouro 18k Ref 17 - Fashion Shine Semijoia fina de altíssima qualidade com banho nobre antialérgico, desenvolvida para realçar a beleza e elegância feminina em qualquer ocasião. FICHA TÉCNICA: - Marca: Fashion Shine - Categoria: Colares - Banho: Ouro 18k / Ródio Nobre Hipoalergênico (Livre de Níquel) - Código SKU: FS-COLARE_DOURADO_COMPACTO_17 - Preço: R$ 40,00 - Condição: Produto Novo e Embalado - Estoque: Pronta Entrega (1 unidade) DIFERENCIAIS DA MARCA FASHION SHINE: ✔ Verniz de proteção de alta durabilidade (brilho prolongado). ✔ Design moderno, leve e sofisticado. ✔ Acabamento artesanal com rigoroso controle de qualidade. ✔ Excelente opção para presentear alguém especial. DICAS DE CONSERVAÇÃO: - Evite contato direto com perfumes, cremes e produtos químicos. - Retire suas peças antes de tomar banho de mar ou piscina. - Guarde individualmente em local seco e protegido da luz. Garantia de satisfação e envio imediato com nota fiscal."
"FS-COLARE_DOURADO_COMPACTO_18";"Colare Dourado Compacto Feminino Banhado Ouro 18k Ref 18";"40";"1";"Colares";"http://http2.mlstatic.com/D_NQ_NP_919887-MLB115353250557_072026-F.jpg";"MLB4972127071";"Colare Dourado Compacto Feminino Banhado Ouro 18k Ref 18 - Fashion Shine 📷 ANÚNCIO COM GALERIA COMPLETA: Inclui 3 fotos em alta resolução mostrando diferentes ângulos e detalhes reais da peça. Semijoia fina de altíssima qualidade com banho nobre antialérgico, desenvolvida para realçar a beleza e elegância feminina em qualquer ocasião. FICHA TÉCNICA: - Marca: Fashion Shine - Categoria: Colares - Banho: Ouro 18k / Ródio Nobre Hipoalergênico (Livre de Níquel) - Código SKU: FS-COLARE_DOURADO_COMPACTO_18 - Preço: R$ 40,00 - Condição: Produto Novo e Embalado - Estoque: Pronta Entrega (1 unidade) DIFERENCIAIS DA MARCA FASHION SHINE: ✔ Verniz de proteção de alta durabilidade (brilho prolongado). ✔ Design moderno, leve e sofisticado. ✔ Acabamento artesanal com rigoroso controle de qualidade. ✔ Excelente opção para presentear alguém especial. DICAS DE CONSERVAÇÃO: - Evite contato direto com perfumes, cremes e produtos químicos. - Retire suas peças antes de tomar banho de mar ou piscina. - Guarde individualmente em local seco e protegido da luz. Garantia de satisfação e envio imediato com nota fiscal."
"FS-COLARE_DOURADO_COMPACTO_19";"Colare Dourado Compacto Feminino Banhado Ouro 18k Ref 19";"40";"1";"Colares";"http://http2.mlstatic.com/D_NQ_NP_848407-MLB115353595349_072026-F.jpg";"MLB4972127123";"Colare Dourado Compacto Feminino Banhado Ouro 18k Ref 19 - Fashion Shine Semijoia fina de altíssima qualidade com banho nobre antialérgico, desenvolvida para realçar a beleza e elegância feminina em qualquer ocasião. FICHA TÉCNICA: - Marca: Fashion Shine - Categoria: Colares - Banho: Ouro 18k / Ródio Nobre Hipoalergênico (Livre de Níquel) - Código SKU: FS-COLARE_DOURADO_COMPACTO_19 - Preço: R$ 40,00 - Condição: Produto Novo e Embalado - Estoque: Pronta Entrega (1 unidade) DIFERENCIAIS DA MARCA FASHION SHINE: ✔ Verniz de proteção de alta durabilidade (brilho prolongado). ✔ Design moderno, leve e sofisticado. ✔ Acabamento artesanal com rigoroso controle de qualidade. ✔ Excelente opção para presentear alguém especial. DICAS DE CONSERVAÇÃO: - Evite contato direto com perfumes, cremes e produtos químicos. - Retire suas peças antes de tomar banho de mar ou piscina. - Guarde individualmente em local seco e protegido da luz. Garantia de satisfação e envio imediato com nota fiscal."
"FS-COLARE_DOURADO_COMPACTO_20";"Colare Dourado Compacto Feminino Banhado Ouro 18k Ref 20";"40";"1";"Colares";"http://http2.mlstatic.com/D_NQ_NP_692922-MLB115353280615_072026-F.jpg";"MLB4972152767";"Colare Dourado Compacto Feminino Banhado Ouro 18k Ref 20 - Fashion Shine Semijoia fina de altíssima qualidade com banho nobre antialérgico, desenvolvida para realçar a beleza e elegância feminina em qualquer ocasião. FICHA TÉCNICA: - Marca: Fashion Shine - Categoria: Colares - Banho: Ouro 18k / Ródio Nobre Hipoalergênico (Livre de Níquel) - Código SKU: FS-COLARE_DOURADO_COMPACTO_20 - Preço: R$ 40,00 - Condição: Produto Novo e Embalado - Estoque: Pronta Entrega (1 unidade) DIFERENCIAIS DA MARCA FASHION SHINE: ✔ Verniz de proteção de alta durabilidade (brilho prolongado). ✔ Design moderno, leve e sofisticado. ✔ Acabamento artesanal com rigoroso controle de qualidade. ✔ Excelente opção para presentear alguém especial. DICAS DE CONSERVAÇÃO: - Evite contato direto com perfumes, cremes e produtos químicos. - Retire suas peças antes de tomar banho de mar ou piscina. - Guarde individualmente em local seco e protegido da luz. Garantia de satisfação e envio imediato com nota fiscal."
"FS-COLARE_DOURADO_COMPACTO_21";"Colare Dourado Compacto Feminino Banhado Ouro 18k Ref 21";"40";"1";"Colares";"http://http2.mlstatic.com/D_NQ_NP_869057-MLB115352899769_072026-F.jpg";"MLB4972139877";"Colare Dourado Compacto Feminino Banhado Ouro 18k Ref 21 - Fashion Shine Semijoia fina de altíssima qualidade com banho nobre antialérgico, desenvolvida para realçar a beleza e elegância feminina em qualquer ocasião. FICHA TÉCNICA: - Marca: Fashion Shine - Categoria: Colares - Banho: Ouro 18k / Ródio Nobre Hipoalergênico (Livre de Níquel) - Código SKU: FS-COLARE_DOURADO_COMPACTO_21 - Preço: R$ 40,00 - Condição: Produto Novo e Embalado - Estoque: Pronta Entrega (1 unidade) DIFERENCIAIS DA MARCA FASHION SHINE: ✔ Verniz de proteção de alta durabilidade (brilho prolongado). ✔ Design moderno, leve e sofisticado. ✔ Acabamento artesanal com rigoroso controle de qualidade. ✔ Excelente opção para presentear alguém especial. DICAS DE CONSERVAÇÃO: - Evite contato direto com perfumes, cremes e produtos químicos. - Retire suas peças antes de tomar banho de mar ou piscina. - Guarde individualmente em local seco e protegido da luz. Garantia de satisfação e envio imediato com nota fiscal."
"FS-COLARE_DOURADO_COMPACTO_22";"Colare Dourado Compacto Feminino Banhado Ouro 18k Ref 22";"40";"1";"Colares";"http://http2.mlstatic.com/D_NQ_NP_715445-MLB115352928761_072026-F.jpg";"MLB4972152887";"Colare Dourado Compacto Feminino Banhado Ouro 18k Ref 22 - Fashion Shine 📷 ANÚNCIO COM GALERIA COMPLETA: Inclui 2 fotos em alta resolução mostrando diferentes ângulos e detalhes reais da peça. Semijoia fina de altíssima qualidade com banho nobre antialérgico, desenvolvida para realçar a beleza e elegância feminina em qualquer ocasião. FICHA TÉCNICA: - Marca: Fashion Shine - Categoria: Colares - Banho: Ouro 18k / Ródio Nobre Hipoalergênico (Livre de Níquel) - Código SKU: FS-COLARE_DOURADO_COMPACTO_22 - Preço: R$ 40,00 - Condição: Produto Novo e Embalado - Estoque: Pronta Entrega (1 unidade) DIFERENCIAIS DA MARCA FASHION SHINE: ✔ Verniz de proteção de alta durabilidade (brilho prolongado). ✔ Design moderno, leve e sofisticado. ✔ Acabamento artesanal com rigoroso controle de qualidade. ✔ Excelente opção para presentear alguém especial. DICAS DE CONSERVAÇÃO: - Evite contato direto com perfumes, cremes e produtos químicos. - Retire suas peças antes de tomar banho de mar ou piscina. - Guarde individualmente em local seco e protegido da luz. Garantia de satisfação e envio imediato com nota fiscal."
"FS-COLARE_DOURADO_COMPACTO_23";"Colare Dourado Compacto Feminino Banhado Ouro 18k Ref 23";"40";"1";"Colares";"http://http2.mlstatic.com/D_NQ_NP_881611-MLB115353250883_072026-F.jpg";"MLB4972152923";"Colare Dourado Compacto Feminino Banhado Ouro 18k Ref 23 - Fashion Shine Semijoia fina de altíssima qualidade com banho nobre antialérgico, desenvolvida para realçar a beleza e elegância feminina em qualquer ocasião. FICHA TÉCNICA: - Marca: Fashion Shine - Categoria: Colares - Banho: Ouro 18k / Ródio Nobre Hipoalergênico (Livre de Níquel) - Código SKU: FS-COLARE_DOURADO_COMPACTO_23 - Preço: R$ 40,00 - Condição: Produto Novo e Embalado - Estoque: Pronta Entrega (1 unidade) DIFERENCIAIS DA MARCA FASHION SHINE: ✔ Verniz de proteção de alta durabilidade (brilho prolongado). ✔ Design moderno, leve e sofisticado. ✔ Acabamento artesanal com rigoroso controle de qualidade. ✔ Excelente opção para presentear alguém especial. DICAS DE CONSERVAÇÃO: - Evite contato direto com perfumes, cremes e produtos químicos. - Retire suas peças antes de tomar banho de mar ou piscina. - Guarde individualmente em local seco e protegido da luz. Garantia de satisfação e envio imediato com nota fiscal."
"FS-COLARE_DOURADO_COMPACTO_24";"Colare Dourado Compacto Feminino Banhado Ouro 18k Ref 24";"40";"1";"Colares";"http://http2.mlstatic.com/D_NQ_NP_857573-MLB115353045539_072026-F.jpg";"MLB4972127355";"Colare Dourado Compacto Feminino Banhado Ouro 18k Ref 24 - Fashion Shine Semijoia fina de altíssima qualidade com banho nobre antialérgico, desenvolvida para realçar a beleza e elegância feminina em qualquer ocasião. FICHA TÉCNICA: - Marca: Fashion Shine - Categoria: Colares - Banho: Ouro 18k / Ródio Nobre Hipoalergênico (Livre de Níquel) - Código SKU: FS-COLARE_DOURADO_COMPACTO_24 - Preço: R$ 40,00 - Condição: Produto Novo e Embalado - Estoque: Pronta Entrega (1 unidade) DIFERENCIAIS DA MARCA FASHION SHINE: ✔ Verniz de proteção de alta durabilidade (brilho prolongado). ✔ Design moderno, leve e sofisticado. ✔ Acabamento artesanal com rigoroso controle de qualidade. ✔ Excelente opção para presentear alguém especial. DICAS DE CONSERVAÇÃO: - Evite contato direto com perfumes, cremes e produtos químicos. - Retire suas peças antes de tomar banho de mar ou piscina. - Guarde individualmente em local seco e protegido da luz. Garantia de satisfação e envio imediato com nota fiscal."
"FS-COLARE_DOURADO_LARGO_01";"Colare Dourado Largo Feminino Banhado Ouro 18k Ref 01";"40";"1";"Colares";"http://http2.mlstatic.com/D_NQ_NP_823065-MLB115352957587_072026-F.jpg";"MLB4972140095";"Colare Dourado Largo Feminino Banhado Ouro 18k Ref 01 - Fashion Shine 📷 ANÚNCIO COM GALERIA COMPLETA: Inclui 2 fotos em alta resolução mostrando diferentes ângulos e detalhes reais da peça. Semijoia fina de altíssima qualidade com banho nobre antialérgico, desenvolvida para realçar a beleza e elegância feminina em qualquer ocasião. FICHA TÉCNICA: - Marca: Fashion Shine - Categoria: Colares - Banho: Ouro 18k / Ródio Nobre Hipoalergênico (Livre de Níquel) - Código SKU: FS-COLARE_DOURADO_LARGO_01 - Preço: R$ 40,00 - Condição: Produto Novo e Embalado - Estoque: Pronta Entrega (1 unidade) DIFERENCIAIS DA MARCA FASHION SHINE: ✔ Verniz de proteção de alta durabilidade (brilho prolongado). ✔ Design moderno, leve e sofisticado. ✔ Acabamento artesanal com rigoroso controle de qualidade. ✔ Excelente opção para presentear alguém especial. DICAS DE CONSERVAÇÃO: - Evite contato direto com perfumes, cremes e produtos químicos. - Retire suas peças antes de tomar banho de mar ou piscina. - Guarde individualmente em local seco e protegido da luz. Garantia de satisfação e envio imediato com nota fiscal."
"FS-COLARE_DOURADO_LARGO_02";"Colare Dourado Largo Feminino Banhado Ouro 18k Ref 02";"40";"1";"Colares";"http://http2.mlstatic.com/D_NQ_NP_667326-MLB115353104429_072026-F.jpg";"MLB4972127467";"Colare Dourado Largo Feminino Banhado Ouro 18k Ref 02 - Fashion Shine Semijoia fina de altíssima qualidade com banho nobre antialérgico, desenvolvida para realçar a beleza e elegância feminina em qualquer ocasião. FICHA TÉCNICA: - Marca: Fashion Shine - Categoria: Colares - Banho: Ouro 18k / Ródio Nobre Hipoalergênico (Livre de Níquel) - Código SKU: FS-COLARE_DOURADO_LARGO_02 - Preço: R$ 40,00 - Condição: Produto Novo e Embalado - Estoque: Pronta Entrega (1 unidade) DIFERENCIAIS DA MARCA FASHION SHINE: ✔ Verniz de proteção de alta durabilidade (brilho prolongado). ✔ Design moderno, leve e sofisticado. ✔ Acabamento artesanal com rigoroso controle de qualidade. ✔ Excelente opção para presentear alguém especial. DICAS DE CONSERVAÇÃO: - Evite contato direto com perfumes, cremes e produtos químicos. - Retire suas peças antes de tomar banho de mar ou piscina. - Guarde individualmente em local seco e protegido da luz. Garantia de satisfação e envio imediato com nota fiscal."
"FS-COLARE_DOURADO_LARGO_03";"Colare Dourado Largo Feminino Banhado Ouro 18k Ref 03";"40";"1";"Colares";"http://http2.mlstatic.com/D_NQ_NP_772762-MLB115353595861_072026-F.jpg";"MLB4972153197";"Colare Dourado Largo Feminino Banhado Ouro 18k Ref 03 - Fashion Shine Semijoia fina de altíssima qualidade com banho nobre antialérgico, desenvolvida para realçar a beleza e elegância feminina em qualquer ocasião. FICHA TÉCNICA: - Marca: Fashion Shine - Categoria: Colares - Banho: Ouro 18k / Ródio Nobre Hipoalergênico (Livre de Níquel) - Código SKU: FS-COLARE_DOURADO_LARGO_03 - Preço: R$ 40,00 - Condição: Produto Novo e Embalado - Estoque: Pronta Entrega (1 unidade) DIFERENCIAIS DA MARCA FASHION SHINE: ✔ Verniz de proteção de alta durabilidade (brilho prolongado). ✔ Design moderno, leve e sofisticado. ✔ Acabamento artesanal com rigoroso controle de qualidade. ✔ Excelente opção para presentear alguém especial. DICAS DE CONSERVAÇÃO: - Evite contato direto com perfumes, cremes e produtos químicos. - Retire suas peças antes de tomar banho de mar ou piscina. - Guarde individualmente em local seco e protegido da luz. Garantia de satisfação e envio imediato com nota fiscal."
"FS-COLARE_DOURADO_LARGO_04";"Colare Dourado Largo Feminino Banhado Ouro 18k Ref 04";"40";"1";"Colares";"http://http2.mlstatic.com/D_NQ_NP_932058-MLB115353595925_072026-F.jpg";"MLB4972140351";"Colare Dourado Largo Feminino Banhado Ouro 18k Ref 04 - Fashion Shine Semijoia fina de altíssima qualidade com banho nobre antialérgico, desenvolvida para realçar a beleza e elegância feminina em qualquer ocasião. FICHA TÉCNICA: - Marca: Fashion Shine - Categoria: Colares - Banho: Ouro 18k / Ródio Nobre Hipoalergênico (Livre de Níquel) - Código SKU: FS-COLARE_DOURADO_LARGO_04 - Preço: R$ 40,00 - Condição: Produto Novo e Embalado - Estoque: Pronta Entrega (1 unidade) DIFERENCIAIS DA MARCA FASHION SHINE: ✔ Verniz de proteção de alta durabilidade (brilho prolongado). ✔ Design moderno, leve e sofisticado. ✔ Acabamento artesanal com rigoroso controle de qualidade. ✔ Excelente opção para presentear alguém especial. DICAS DE CONSERVAÇÃO: - Evite contato direto com perfumes, cremes e produtos químicos. - Retire suas peças antes de tomar banho de mar ou piscina. - Guarde individualmente em local seco e protegido da luz. Garantia de satisfação e envio imediato com nota fiscal."
"FS-COLARE_DOURADO_LARGO_05";"Colare Dourado Largo Feminino Banhado Ouro 18k Ref 05";"40";"1";"Colares";"http://http2.mlstatic.com/D_NQ_NP_895747-MLB115353484569_072026-F.jpg";"MLB4972153421";"Colare Dourado Largo Feminino Banhado Ouro 18k Ref 05 - Fashion Shine 📷 ANÚNCIO COM GALERIA COMPLETA: Inclui 4 fotos em alta resolução mostrando diferentes ângulos e detalhes reais da peça. Semijoia fina de altíssima qualidade com banho nobre antialérgico, desenvolvida para realçar a beleza e elegância feminina em qualquer ocasião. FICHA TÉCNICA: - Marca: Fashion Shine - Categoria: Colares - Banho: Ouro 18k / Ródio Nobre Hipoalergênico (Livre de Níquel) - Código SKU: FS-COLARE_DOURADO_LARGO_05 - Preço: R$ 40,00 - Condição: Produto Novo e Embalado - Estoque: Pronta Entrega (1 unidade) DIFERENCIAIS DA MARCA FASHION SHINE: ✔ Verniz de proteção de alta durabilidade (brilho prolongado). ✔ Design moderno, leve e sofisticado. ✔ Acabamento artesanal com rigoroso controle de qualidade. ✔ Excelente opção para presentear alguém especial. DICAS DE CONSERVAÇÃO: - Evite contato direto com perfumes, cremes e produtos químicos. - Retire suas peças antes de tomar banho de mar ou piscina. - Guarde individualmente em local seco e protegido da luz. Garantia de satisfação e envio imediato com nota fiscal."
"FS-COLARE_DOURADO_LARGO_06";"Colare Dourado Largo Feminino Banhado Ouro 18k Ref 06";"40";"1";"Colares";"http://http2.mlstatic.com/D_NQ_NP_724518-MLB114033101726_072026-F.jpg";"MLB4972140551";"Colare Dourado Largo Feminino Banhado Ouro 18k Ref 06 - Fashion Shine Semijoia fina de altíssima qualidade com banho nobre antialérgico, desenvolvida para realçar a beleza e elegância feminina em qualquer ocasião. FICHA TÉCNICA: - Marca: Fashion Shine - Categoria: Colares - Banho: Ouro 18k / Ródio Nobre Hipoalergênico (Livre de Níquel) - Código SKU: FS-COLARE_DOURADO_LARGO_06 - Preço: R$ 40,00 - Condição: Produto Novo e Embalado - Estoque: Pronta Entrega (1 unidade) DIFERENCIAIS DA MARCA FASHION SHINE: ✔ Verniz de proteção de alta durabilidade (brilho prolongado). ✔ Design moderno, leve e sofisticado. ✔ Acabamento artesanal com rigoroso controle de qualidade. ✔ Excelente opção para presentear alguém especial. DICAS DE CONSERVAÇÃO: - Evite contato direto com perfumes, cremes e produtos químicos. - Retire suas peças antes de tomar banho de mar ou piscina. - Guarde individualmente em local seco e protegido da luz. Garantia de satisfação e envio imediato com nota fiscal."
"FS-COLARE_DOURADO_LARGO_07";"Colare Dourado Largo Feminino Banhado Ouro 18k Ref 07";"40";"1";"Colares";"http://http2.mlstatic.com/D_NQ_NP_625146-MLB115352988091_072026-F.jpg";"MLB4972127893";"Colare Dourado Largo Feminino Banhado Ouro 18k Ref 07 - Fashion Shine 📷 ANÚNCIO COM GALERIA COMPLETA: Inclui 3 fotos em alta resolução mostrando diferentes ângulos e detalhes reais da peça. Semijoia fina de altíssima qualidade com banho nobre antialérgico, desenvolvida para realçar a beleza e elegância feminina em qualquer ocasião. FICHA TÉCNICA: - Marca: Fashion Shine - Categoria: Colares - Banho: Ouro 18k / Ródio Nobre Hipoalergênico (Livre de Níquel) - Código SKU: FS-COLARE_DOURADO_LARGO_07 - Preço: R$ 40,00 - Condição: Produto Novo e Embalado - Estoque: Pronta Entrega (1 unidade) DIFERENCIAIS DA MARCA FASHION SHINE: ✔ Verniz de proteção de alta durabilidade (brilho prolongado). ✔ Design moderno, leve e sofisticado. ✔ Acabamento artesanal com rigoroso controle de qualidade. ✔ Excelente opção para presentear alguém especial. DICAS DE CONSERVAÇÃO: - Evite contato direto com perfumes, cremes e produtos químicos. - Retire suas peças antes de tomar banho de mar ou piscina. - Guarde individualmente em local seco e protegido da luz. Garantia de satisfação e envio imediato com nota fiscal."
"FS-COLARE_DOURADO_LARGO_08";"Colare Dourado Largo Feminino Banhado Ouro 18k Ref 08";"40";"1";"Colares";"http://http2.mlstatic.com/D_NQ_NP_811008-MLB115352900521_072026-F.jpg";"MLB4972140683";"Colare Dourado Largo Feminino Banhado Ouro 18k Ref 08 - Fashion Shine Semijoia fina de altíssima qualidade com banho nobre antialérgico, desenvolvida para realçar a beleza e elegância feminina em qualquer ocasião. FICHA TÉCNICA: - Marca: Fashion Shine - Categoria: Colares - Banho: Ouro 18k / Ródio Nobre Hipoalergênico (Livre de Níquel) - Código SKU: FS-COLARE_DOURADO_LARGO_08 - Preço: R$ 40,00 - Condição: Produto Novo e Embalado - Estoque: Pronta Entrega (1 unidade) DIFERENCIAIS DA MARCA FASHION SHINE: ✔ Verniz de proteção de alta durabilidade (brilho prolongado). ✔ Design moderno, leve e sofisticado. ✔ Acabamento artesanal com rigoroso controle de qualidade. ✔ Excelente opção para presentear alguém especial. DICAS DE CONSERVAÇÃO: - Evite contato direto com perfumes, cremes e produtos químicos. - Retire suas peças antes de tomar banho de mar ou piscina. - Guarde individualmente em local seco e protegido da luz. Garantia de satisfação e envio imediato com nota fiscal."
"FS-COLARE_DOURADO_LARGO_09";"Colare Dourado Largo Feminino Banhado Ouro 18k Ref 09";"40";"1";"Colares";"http://http2.mlstatic.com/D_NQ_NP_831054-MLB115352900589_072026-F.jpg";"MLB4972128011";"Colare Dourado Largo Feminino Banhado Ouro 18k Ref 09 - Fashion Shine Semijoia fina de altíssima qualidade com banho nobre antialérgico, desenvolvida para realçar a beleza e elegância feminina em qualquer ocasião. FICHA TÉCNICA: - Marca: Fashion Shine - Categoria: Colares - Banho: Ouro 18k / Ródio Nobre Hipoalergênico (Livre de Níquel) - Código SKU: FS-COLARE_DOURADO_LARGO_09 - Preço: R$ 40,00 - Condição: Produto Novo e Embalado - Estoque: Pronta Entrega (1 unidade) DIFERENCIAIS DA MARCA FASHION SHINE: ✔ Verniz de proteção de alta durabilidade (brilho prolongado). ✔ Design moderno, leve e sofisticado. ✔ Acabamento artesanal com rigoroso controle de qualidade. ✔ Excelente opção para presentear alguém especial. DICAS DE CONSERVAÇÃO: - Evite contato direto com perfumes, cremes e produtos químicos. - Retire suas peças antes de tomar banho de mar ou piscina. - Guarde individualmente em local seco e protegido da luz. Garantia de satisfação e envio imediato com nota fiscal."
"FS-COLARE_DOURADO_LONGO_01";"Colare Dourado Longo Feminino Banhado Ouro 18k Ref 01";"40";"1";"Colares";"http://http2.mlstatic.com/D_NQ_NP_715401-MLB115352958195_072026-F.jpg";"MLB4972140839";"Colare Dourado Longo Feminino Banhado Ouro 18k Ref 01 - Fashion Shine 📷 ANÚNCIO COM GALERIA COMPLETA: Inclui 2 fotos em alta resolução mostrando diferentes ângulos e detalhes reais da peça. Semijoia fina de altíssima qualidade com banho nobre antialérgico, desenvolvida para realçar a beleza e elegância feminina em qualquer ocasião. FICHA TÉCNICA: - Marca: Fashion Shine - Categoria: Colares - Banho: Ouro 18k / Ródio Nobre Hipoalergênico (Livre de Níquel) - Código SKU: FS-COLARE_DOURADO_LONGO_01 - Preço: R$ 40,00 - Condição: Produto Novo e Embalado - Estoque: Pronta Entrega (1 unidade) DIFERENCIAIS DA MARCA FASHION SHINE: ✔ Verniz de proteção de alta durabilidade (brilho prolongado). ✔ Design moderno, leve e sofisticado. ✔ Acabamento artesanal com rigoroso controle de qualidade. ✔ Excelente opção para presentear alguém especial. DICAS DE CONSERVAÇÃO: - Evite contato direto com perfumes, cremes e produtos químicos. - Retire suas peças antes de tomar banho de mar ou piscina. - Guarde individualmente em local seco e protegido da luz. Garantia de satisfação e envio imediato com nota fiscal."
"FS-COLARE_DOURADO_LONGO_02";"Colare Dourado Longo Feminino Banhado Ouro 18k Ref 02";"40";"1";"Colares";"http://http2.mlstatic.com/D_NQ_NP_662662-MLB115352841287_072026-F.jpg";"MLB4972140899";"Colare Dourado Longo Feminino Banhado Ouro 18k Ref 02 - Fashion Shine Semijoia fina de altíssima qualidade com banho nobre antialérgico, desenvolvida para realçar a beleza e elegância feminina em qualquer ocasião. FICHA TÉCNICA: - Marca: Fashion Shine - Categoria: Colares - Banho: Ouro 18k / Ródio Nobre Hipoalergênico (Livre de Níquel) - Código SKU: FS-COLARE_DOURADO_LONGO_02 - Preço: R$ 40,00 - Condição: Produto Novo e Embalado - Estoque: Pronta Entrega (1 unidade) DIFERENCIAIS DA MARCA FASHION SHINE: ✔ Verniz de proteção de alta durabilidade (brilho prolongado). ✔ Design moderno, leve e sofisticado. ✔ Acabamento artesanal com rigoroso controle de qualidade. ✔ Excelente opção para presentear alguém especial. DICAS DE CONSERVAÇÃO: - Evite contato direto com perfumes, cremes e produtos químicos. - Retire suas peças antes de tomar banho de mar ou piscina. - Guarde individualmente em local seco e protegido da luz. Garantia de satisfação e envio imediato com nota fiscal."
"FS-COLARE_DOURADO_LONGO_03";"Colare Dourado Longo Feminino Banhado Ouro 18k Ref 03";"40";"1";"Colares";"http://http2.mlstatic.com/D_NQ_NP_863018-MLB115352988447_072026-F.jpg";"MLB4972153877";"Colare Dourado Longo Feminino Banhado Ouro 18k Ref 03 - Fashion Shine 📷 ANÚNCIO COM GALERIA COMPLETA: Inclui 2 fotos em alta resolução mostrando diferentes ângulos e detalhes reais da peça. Semijoia fina de altíssima qualidade com banho nobre antialérgico, desenvolvida para realçar a beleza e elegância feminina em qualquer ocasião. FICHA TÉCNICA: - Marca: Fashion Shine - Categoria: Colares - Banho: Ouro 18k / Ródio Nobre Hipoalergênico (Livre de Níquel) - Código SKU: FS-COLARE_DOURADO_LONGO_03 - Preço: R$ 40,00 - Condição: Produto Novo e Embalado - Estoque: Pronta Entrega (1 unidade) DIFERENCIAIS DA MARCA FASHION SHINE: ✔ Verniz de proteção de alta durabilidade (brilho prolongado). ✔ Design moderno, leve e sofisticado. ✔ Acabamento artesanal com rigoroso controle de qualidade. ✔ Excelente opção para presentear alguém especial. DICAS DE CONSERVAÇÃO: - Evite contato direto com perfumes, cremes e produtos químicos. - Retire suas peças antes de tomar banho de mar ou piscina. - Guarde individualmente em local seco e protegido da luz. Garantia de satisfação e envio imediato com nota fiscal."
"FS-COLARE_DOURADO_LONGO_04";"Colare Dourado Longo Feminino Banhado Ouro 18k Ref 04";"40";"1";"Colares";"http://http2.mlstatic.com/D_NQ_NP_989193-MLB115352958379_072026-F.jpg";"MLB4972128277";"Colare Dourado Longo Feminino Banhado Ouro 18k Ref 04 - Fashion Shine Semijoia fina de altíssima qualidade com banho nobre antialérgico, desenvolvida para realçar a beleza e elegância feminina em qualquer ocasião. FICHA TÉCNICA: - Marca: Fashion Shine - Categoria: Colares - Banho: Ouro 18k / Ródio Nobre Hipoalergênico (Livre de Níquel) - Código SKU: FS-COLARE_DOURADO_LONGO_04 - Preço: R$ 40,00 - Condição: Produto Novo e Embalado - Estoque: Pronta Entrega (1 unidade) DIFERENCIAIS DA MARCA FASHION SHINE: ✔ Verniz de proteção de alta durabilidade (brilho prolongado). ✔ Design moderno, leve e sofisticado. ✔ Acabamento artesanal com rigoroso controle de qualidade. ✔ Excelente opção para presentear alguém especial. DICAS DE CONSERVAÇÃO: - Evite contato direto com perfumes, cremes e produtos químicos. - Retire suas peças antes de tomar banho de mar ou piscina. - Guarde individualmente em local seco e protegido da luz. Garantia de satisfação e envio imediato com nota fiscal."
"FS-COLARE_DOURADO_LONGO_05";"Colare Dourado Longo Feminino Banhado Ouro 18k Ref 05";"40";"1";"Colares";"http://http2.mlstatic.com/D_NQ_NP_775973-MLB115353017787_072026-F.jpg";"MLB4972141099";"Colare Dourado Longo Feminino Banhado Ouro 18k Ref 05 - Fashion Shine Semijoia fina de altíssima qualidade com banho nobre antialérgico, desenvolvida para realçar a beleza e elegância feminina em qualquer ocasião. FICHA TÉCNICA: - Marca: Fashion Shine - Categoria: Colares - Banho: Ouro 18k / Ródio Nobre Hipoalergênico (Livre de Níquel) - Código SKU: FS-COLARE_DOURADO_LONGO_05 - Preço: R$ 40,00 - Condição: Produto Novo e Embalado - Estoque: Pronta Entrega (1 unidade) DIFERENCIAIS DA MARCA FASHION SHINE: ✔ Verniz de proteção de alta durabilidade (brilho prolongado). ✔ Design moderno, leve e sofisticado. ✔ Acabamento artesanal com rigoroso controle de qualidade. ✔ Excelente opção para presentear alguém especial. DICAS DE CONSERVAÇÃO: - Evite contato direto com perfumes, cremes e produtos químicos. - Retire suas peças antes de tomar banho de mar ou piscina. - Guarde individualmente em local seco e protegido da luz. Garantia de satisfação e envio imediato com nota fiscal."
"FS-COLARE_DOURADO_LONGO_06";"Colare Dourado Longo Feminino Banhado Ouro 18k Ref 06";"40";"1";"Colares";"http://http2.mlstatic.com/D_NQ_NP_649921-MLB115353596715_072026-F.jpg";"MLB4972128375";"Colare Dourado Longo Feminino Banhado Ouro 18k Ref 06 - Fashion Shine Semijoia fina de altíssima qualidade com banho nobre antialérgico, desenvolvida para realçar a beleza e elegância feminina em qualquer ocasião. FICHA TÉCNICA: - Marca: Fashion Shine - Categoria: Colares - Banho: Ouro 18k / Ródio Nobre Hipoalergênico (Livre de Níquel) - Código SKU: FS-COLARE_DOURADO_LONGO_06 - Preço: R$ 40,00 - Condição: Produto Novo e Embalado - Estoque: Pronta Entrega (1 unidade) DIFERENCIAIS DA MARCA FASHION SHINE: ✔ Verniz de proteção de alta durabilidade (brilho prolongado). ✔ Design moderno, leve e sofisticado. ✔ Acabamento artesanal com rigoroso controle de qualidade. ✔ Excelente opção para presentear alguém especial. DICAS DE CONSERVAÇÃO: - Evite contato direto com perfumes, cremes e produtos químicos. - Retire suas peças antes de tomar banho de mar ou piscina. - Guarde individualmente em local seco e protegido da luz. Garantia de satisfação e envio imediato com nota fiscal."
"FS-COLARE_DOURADO_LONGO_07";"Colare Dourado Longo Feminino Banhado Ouro 18k Ref 07";"40";"1";"Colares";"http://http2.mlstatic.com/D_NQ_NP_864214-MLB115353046627_072026-F.jpg";"MLB4972141269";"Colare Dourado Longo Feminino Banhado Ouro 18k Ref 07 - Fashion Shine 📷 ANÚNCIO COM GALERIA COMPLETA: Inclui 2 fotos em alta resolução mostrando diferentes ângulos e detalhes reais da peça. Semijoia fina de altíssima qualidade com banho nobre antialérgico, desenvolvida para realçar a beleza e elegância feminina em qualquer ocasião. FICHA TÉCNICA: - Marca: Fashion Shine - Categoria: Colares - Banho: Ouro 18k / Ródio Nobre Hipoalergênico (Livre de Níquel) - Código SKU: FS-COLARE_DOURADO_LONGO_07 - Preço: R$ 40,00 - Condição: Produto Novo e Embalado - Estoque: Pronta Entrega (1 unidade) DIFERENCIAIS DA MARCA FASHION SHINE: ✔ Verniz de proteção de alta durabilidade (brilho prolongado). ✔ Design moderno, leve e sofisticado. ✔ Acabamento artesanal com rigoroso controle de qualidade. ✔ Excelente opção para presentear alguém especial. DICAS DE CONSERVAÇÃO: - Evite contato direto com perfumes, cremes e produtos químicos. - Retire suas peças antes de tomar banho de mar ou piscina. - Guarde individualmente em local seco e protegido da luz. Garantia de satisfação e envio imediato com nota fiscal."
"FS-COLARE_DOURADO_LONGO_08";"Colare Dourado Longo Feminino Banhado Ouro 18k Ref 08";"40";"1";"Colares";"http://http2.mlstatic.com/D_NQ_NP_992678-MLB115353341435_072026-F.jpg";"MLB4972154159";"Colare Dourado Longo Feminino Banhado Ouro 18k Ref 08 - Fashion Shine 📷 ANÚNCIO COM GALERIA COMPLETA: Inclui 2 fotos em alta resolução mostrando diferentes ângulos e detalhes reais da peça. Semijoia fina de altíssima qualidade com banho nobre antialérgico, desenvolvida para realçar a beleza e elegância feminina em qualquer ocasião. FICHA TÉCNICA: - Marca: Fashion Shine - Categoria: Colares - Banho: Ouro 18k / Ródio Nobre Hipoalergênico (Livre de Níquel) - Código SKU: FS-COLARE_DOURADO_LONGO_08 - Preço: R$ 40,00 - Condição: Produto Novo e Embalado - Estoque: Pronta Entrega (1 unidade) DIFERENCIAIS DA MARCA FASHION SHINE: ✔ Verniz de proteção de alta durabilidade (brilho prolongado). ✔ Design moderno, leve e sofisticado. ✔ Acabamento artesanal com rigoroso controle de qualidade. ✔ Excelente opção para presentear alguém especial. DICAS DE CONSERVAÇÃO: - Evite contato direto com perfumes, cremes e produtos químicos. - Retire suas peças antes de tomar banho de mar ou piscina. - Guarde individualmente em local seco e protegido da luz. Garantia de satisfação e envio imediato com nota fiscal."
"FS-COLARE_DOURADO_LONGO_09";"Colare Dourado Longo Feminino Banhado Ouro 18k Ref 09";"40";"1";"Colares";"http://http2.mlstatic.com/D_NQ_NP_746853-MLB115353281923_072026-F.jpg";"MLB4972141355";"Colare Dourado Longo Feminino Banhado Ouro 18k Ref 09 - Fashion Shine Semijoia fina de altíssima qualidade com banho nobre antialérgico, desenvolvida para realçar a beleza e elegância feminina em qualquer ocasião. FICHA TÉCNICA: - Marca: Fashion Shine - Categoria: Colares - Banho: Ouro 18k / Ródio Nobre Hipoalergênico (Livre de Níquel) - Código SKU: FS-COLARE_DOURADO_LONGO_09 - Preço: R$ 40,00 - Condição: Produto Novo e Embalado - Estoque: Pronta Entrega (1 unidade) DIFERENCIAIS DA MARCA FASHION SHINE: ✔ Verniz de proteção de alta durabilidade (brilho prolongado). ✔ Design moderno, leve e sofisticado. ✔ Acabamento artesanal com rigoroso controle de qualidade. ✔ Excelente opção para presentear alguém especial. DICAS DE CONSERVAÇÃO: - Evite contato direto com perfumes, cremes e produtos químicos. - Retire suas peças antes de tomar banho de mar ou piscina. - Guarde individualmente em local seco e protegido da luz. Garantia de satisfação e envio imediato com nota fiscal."
"FS-COLARE_DOURADO_LONGO_10";"Colare Dourado Longo Feminino Banhado Ouro 18k Ref 10";"40";"1";"Colares";"http://http2.mlstatic.com/D_NQ_NP_601063-MLB115353164157_072026-F.jpg";"MLB4972154219";"Colare Dourado Longo Feminino Banhado Ouro 18k Ref 10 - Fashion Shine Semijoia fina de altíssima qualidade com banho nobre antialérgico, desenvolvida para realçar a beleza e elegância feminina em qualquer ocasião. FICHA TÉCNICA: - Marca: Fashion Shine - Categoria: Colares - Banho: Ouro 18k / Ródio Nobre Hipoalergênico (Livre de Níquel) - Código SKU: FS-COLARE_DOURADO_LONGO_10 - Preço: R$ 40,00 - Condição: Produto Novo e Embalado - Estoque: Pronta Entrega (1 unidade) DIFERENCIAIS DA MARCA FASHION SHINE: ✔ Verniz de proteção de alta durabilidade (brilho prolongado). ✔ Design moderno, leve e sofisticado. ✔ Acabamento artesanal com rigoroso controle de qualidade. ✔ Excelente opção para presentear alguém especial. DICAS DE CONSERVAÇÃO: - Evite contato direto com perfumes, cremes e produtos químicos. - Retire suas peças antes de tomar banho de mar ou piscina. - Guarde individualmente em local seco e protegido da luz. Garantia de satisfação e envio imediato com nota fiscal."
"FS-COLARE_DOURADO_LONGO_11";"Colare Dourado Longo Feminino Banhado Ouro 18k Ref 11";"40";"1";"Colares";"http://http2.mlstatic.com/D_NQ_NP_942018-MLB115352930167_072026-F.jpg";"MLB4972141431";"Colare Dourado Longo Feminino Banhado Ouro 18k Ref 11 - Fashion Shine Semijoia fina de altíssima qualidade com banho nobre antialérgico, desenvolvida para realçar a beleza e elegância feminina em qualquer ocasião. FICHA TÉCNICA: - Marca: Fashion Shine - Categoria: Colares - Banho: Ouro 18k / Ródio Nobre Hipoalergênico (Livre de Níquel) - Código SKU: FS-COLARE_DOURADO_LONGO_11 - Preço: R$ 40,00 - Condição: Produto Novo e Embalado - Estoque: Pronta Entrega (1 unidade) DIFERENCIAIS DA MARCA FASHION SHINE: ✔ Verniz de proteção de alta durabilidade (brilho prolongado). ✔ Design moderno, leve e sofisticado. ✔ Acabamento artesanal com rigoroso controle de qualidade. ✔ Excelente opção para presentear alguém especial. DICAS DE CONSERVAÇÃO: - Evite contato direto com perfumes, cremes e produtos químicos. - Retire suas peças antes de tomar banho de mar ou piscina. - Guarde individualmente em local seco e protegido da luz. Garantia de satisfação e envio imediato com nota fiscal."
"FS-COLARE_DOURADO_LONGO_12";"Colare Dourado Longo Feminino Banhado Ouro 18k Ref 12";"40";"1";"Colares";"http://http2.mlstatic.com/D_NQ_NP_646868-MLB115353485629_072026-F.jpg";"MLB4972154327";"Colare Dourado Longo Feminino Banhado Ouro 18k Ref 12 - Fashion Shine Semijoia fina de altíssima qualidade com banho nobre antialérgico, desenvolvida para realçar a beleza e elegância feminina em qualquer ocasião. FICHA TÉCNICA: - Marca: Fashion Shine - Categoria: Colares - Banho: Ouro 18k / Ródio Nobre Hipoalergênico (Livre de Níquel) - Código SKU: FS-COLARE_DOURADO_LONGO_12 - Preço: R$ 40,00 - Condição: Produto Novo e Embalado - Estoque: Pronta Entrega (1 unidade) DIFERENCIAIS DA MARCA FASHION SHINE: ✔ Verniz de proteção de alta durabilidade (brilho prolongado). ✔ Design moderno, leve e sofisticado. ✔ Acabamento artesanal com rigoroso controle de qualidade. ✔ Excelente opção para presentear alguém especial. DICAS DE CONSERVAÇÃO: - Evite contato direto com perfumes, cremes e produtos químicos. - Retire suas peças antes de tomar banho de mar ou piscina. - Guarde individualmente em local seco e protegido da luz. Garantia de satisfação e envio imediato com nota fiscal."
"FS-COLARE_DOURADO_LONGO_13";"Colare Dourado Longo Feminino Banhado Ouro 18k Ref 13";"40";"1";"Colares";"http://http2.mlstatic.com/D_NQ_NP_747891-MLB115352901431_072026-F.jpg";"MLB4972141553";"Colare Dourado Longo Feminino Banhado Ouro 18k Ref 13 - Fashion Shine Semijoia fina de altíssima qualidade com banho nobre antialérgico, desenvolvida para realçar a beleza e elegância feminina em qualquer ocasião. FICHA TÉCNICA: - Marca: Fashion Shine - Categoria: Colares - Banho: Ouro 18k / Ródio Nobre Hipoalergênico (Livre de Níquel) - Código SKU: FS-COLARE_DOURADO_LONGO_13 - Preço: R$ 40,00 - Condição: Produto Novo e Embalado - Estoque: Pronta Entrega (1 unidade) DIFERENCIAIS DA MARCA FASHION SHINE: ✔ Verniz de proteção de alta durabilidade (brilho prolongado). ✔ Design moderno, leve e sofisticado. ✔ Acabamento artesanal com rigoroso controle de qualidade. ✔ Excelente opção para presentear alguém especial. DICAS DE CONSERVAÇÃO: - Evite contato direto com perfumes, cremes e produtos químicos. - Retire suas peças antes de tomar banho de mar ou piscina. - Guarde individualmente em local seco e protegido da luz. Garantia de satisfação e envio imediato com nota fiscal."
"FS-COLARE_DOURADO_LONGO_14";"Colare Dourado Longo Feminino Banhado Ouro 18k Ref 14";"40";"1";"Colares";"http://http2.mlstatic.com/D_NQ_NP_923213-MLB115352841945_072026-F.jpg";"MLB4972141633";"Colare Dourado Longo Feminino Banhado Ouro 18k Ref 14 - Fashion Shine 📷 ANÚNCIO COM GALERIA COMPLETA: Inclui 2 fotos em alta resolução mostrando diferentes ângulos e detalhes reais da peça. Semijoia fina de altíssima qualidade com banho nobre antialérgico, desenvolvida para realçar a beleza e elegância feminina em qualquer ocasião. FICHA TÉCNICA: - Marca: Fashion Shine - Categoria: Colares - Banho: Ouro 18k / Ródio Nobre Hipoalergênico (Livre de Níquel) - Código SKU: FS-COLARE_DOURADO_LONGO_14 - Preço: R$ 40,00 - Condição: Produto Novo e Embalado - Estoque: Pronta Entrega (1 unidade) DIFERENCIAIS DA MARCA FASHION SHINE: ✔ Verniz de proteção de alta durabilidade (brilho prolongado). ✔ Design moderno, leve e sofisticado. ✔ Acabamento artesanal com rigoroso controle de qualidade. ✔ Excelente opção para presentear alguém especial. DICAS DE CONSERVAÇÃO: - Evite contato direto com perfumes, cremes e produtos químicos. - Retire suas peças antes de tomar banho de mar ou piscina. - Guarde individualmente em local seco e protegido da luz. Garantia de satisfação e envio imediato com nota fiscal."
"FS-COLARE_DOURADO_LONGO_15";"Colare Dourado Longo Feminino Banhado Ouro 18k Ref 15";"40";"1";"Colares";"http://http2.mlstatic.com/D_NQ_NP_769398-MLB115353485789_072026-F.jpg";"MLB4972141697";"Colare Dourado Longo Feminino Banhado Ouro 18k Ref 15 - Fashion Shine Semijoia fina de altíssima qualidade com banho nobre antialérgico, desenvolvida para realçar a beleza e elegância feminina em qualquer ocasião. FICHA TÉCNICA: - Marca: Fashion Shine - Categoria: Colares - Banho: Ouro 18k / Ródio Nobre Hipoalergênico (Livre de Níquel) - Código SKU: FS-COLARE_DOURADO_LONGO_15 - Preço: R$ 40,00 - Condição: Produto Novo e Embalado - Estoque: Pronta Entrega (1 unidade) DIFERENCIAIS DA MARCA FASHION SHINE: ✔ Verniz de proteção de alta durabilidade (brilho prolongado). ✔ Design moderno, leve e sofisticado. ✔ Acabamento artesanal com rigoroso controle de qualidade. ✔ Excelente opção para presentear alguém especial. DICAS DE CONSERVAÇÃO: - Evite contato direto com perfumes, cremes e produtos químicos. - Retire suas peças antes de tomar banho de mar ou piscina. - Guarde individualmente em local seco e protegido da luz. Garantia de satisfação e envio imediato com nota fiscal."
"FS-COLARE_DOURADO_LONGO_16";"Colare Dourado Longo Feminino Banhado Ouro 18k Ref 16";"40";"1";"Colares";"http://http2.mlstatic.com/D_NQ_NP_676073-MLB115353164513_072026-F.jpg";"MLB4972128927";"Colare Dourado Longo Feminino Banhado Ouro 18k Ref 16 - Fashion Shine 📷 ANÚNCIO COM GALERIA COMPLETA: Inclui 2 fotos em alta resolução mostrando diferentes ângulos e detalhes reais da peça. Semijoia fina de altíssima qualidade com banho nobre antialérgico, desenvolvida para realçar a beleza e elegância feminina em qualquer ocasião. FICHA TÉCNICA: - Marca: Fashion Shine - Categoria: Colares - Banho: Ouro 18k / Ródio Nobre Hipoalergênico (Livre de Níquel) - Código SKU: FS-COLARE_DOURADO_LONGO_16 - Preço: R$ 40,00 - Condição: Produto Novo e Embalado - Estoque: Pronta Entrega (1 unidade) DIFERENCIAIS DA MARCA FASHION SHINE: ✔ Verniz de proteção de alta durabilidade (brilho prolongado). ✔ Design moderno, leve e sofisticado. ✔ Acabamento artesanal com rigoroso controle de qualidade. ✔ Excelente opção para presentear alguém especial. DICAS DE CONSERVAÇÃO: - Evite contato direto com perfumes, cremes e produtos químicos. - Retire suas peças antes de tomar banho de mar ou piscina. - Guarde individualmente em local seco e protegido da luz. Garantia de satisfação e envio imediato com nota fiscal."
"FS-COLARE_DOURADO_LONGO_17";"Colare Dourado Longo Feminino Banhado Ouro 18k Ref 17";"40";"1";"Colares";"http://http2.mlstatic.com/D_NQ_NP_620278-MLB115352930519_072026-F.jpg";"MLB4972128969";"Colare Dourado Longo Feminino Banhado Ouro 18k Ref 17 - Fashion Shine Semijoia fina de altíssima qualidade com banho nobre antialérgico, desenvolvida para realçar a beleza e elegância feminina em qualquer ocasião. FICHA TÉCNICA: - Marca: Fashion Shine - Categoria: Colares - Banho: Ouro 18k / Ródio Nobre Hipoalergênico (Livre de Níquel) - Código SKU: FS-COLARE_DOURADO_LONGO_17 - Preço: R$ 40,00 - Condição: Produto Novo e Embalado - Estoque: Pronta Entrega (1 unidade) DIFERENCIAIS DA MARCA FASHION SHINE: ✔ Verniz de proteção de alta durabilidade (brilho prolongado). ✔ Design moderno, leve e sofisticado. ✔ Acabamento artesanal com rigoroso controle de qualidade. ✔ Excelente opção para presentear alguém especial. DICAS DE CONSERVAÇÃO: - Evite contato direto com perfumes, cremes e produtos químicos. - Retire suas peças antes de tomar banho de mar ou piscina. - Guarde individualmente em local seco e protegido da luz. Garantia de satisfação e envio imediato com nota fiscal."
"FS-COLARE_DOURADO_LONGO_18";"Colare Dourado Longo Feminino Banhado Ouro 18k Ref 18";"40";"1";"Colares";"http://http2.mlstatic.com/D_NQ_NP_921100-MLB115352901727_072026-F.jpg";"MLB4972154679";"Colare Dourado Longo Feminino Banhado Ouro 18k Ref 18 - Fashion Shine 📷 ANÚNCIO COM GALERIA COMPLETA: Inclui 2 fotos em alta resolução mostrando diferentes ângulos e detalhes reais da peça. Semijoia fina de altíssima qualidade com banho nobre antialérgico, desenvolvida para realçar a beleza e elegância feminina em qualquer ocasião. FICHA TÉCNICA: - Marca: Fashion Shine - Categoria: Colares - Banho: Ouro 18k / Ródio Nobre Hipoalergênico (Livre de Níquel) - Código SKU: FS-COLARE_DOURADO_LONGO_18 - Preço: R$ 40,00 - Condição: Produto Novo e Embalado - Estoque: Pronta Entrega (1 unidade) DIFERENCIAIS DA MARCA FASHION SHINE: ✔ Verniz de proteção de alta durabilidade (brilho prolongado). ✔ Design moderno, leve e sofisticado. ✔ Acabamento artesanal com rigoroso controle de qualidade. ✔ Excelente opção para presentear alguém especial. DICAS DE CONSERVAÇÃO: - Evite contato direto com perfumes, cremes e produtos químicos. - Retire suas peças antes de tomar banho de mar ou piscina. - Guarde individualmente em local seco e protegido da luz. Garantia de satisfação e envio imediato com nota fiscal."
"FS-COLARE_DOURADO_LONGO_19";"Colare Dourado Longo Feminino Banhado Ouro 18k Ref 19";"40";"1";"Colares";"http://http2.mlstatic.com/D_NQ_NP_830729-MLB115353371739_072026-F.jpg";"MLB4972129089";"Colare Dourado Longo Feminino Banhado Ouro 18k Ref 19 - Fashion Shine 📷 ANÚNCIO COM GALERIA COMPLETA: Inclui 2 fotos em alta resolução mostrando diferentes ângulos e detalhes reais da peça. Semijoia fina de altíssima qualidade com banho nobre antialérgico, desenvolvida para realçar a beleza e elegância feminina em qualquer ocasião. FICHA TÉCNICA: - Marca: Fashion Shine - Categoria: Colares - Banho: Ouro 18k / Ródio Nobre Hipoalergênico (Livre de Níquel) - Código SKU: FS-COLARE_DOURADO_LONGO_19 - Preço: R$ 40,00 - Condição: Produto Novo e Embalado - Estoque: Pronta Entrega (1 unidade) DIFERENCIAIS DA MARCA FASHION SHINE: ✔ Verniz de proteção de alta durabilidade (brilho prolongado). ✔ Design moderno, leve e sofisticado. ✔ Acabamento artesanal com rigoroso controle de qualidade. ✔ Excelente opção para presentear alguém especial. DICAS DE CONSERVAÇÃO: - Evite contato direto com perfumes, cremes e produtos químicos. - Retire suas peças antes de tomar banho de mar ou piscina. - Guarde individualmente em local seco e protegido da luz. Garantia de satisfação e envio imediato com nota fiscal."
"FS-COLARE_DOURADO_LONGO_20";"Colare Dourado Longo Feminino Banhado Ouro 18k Ref 20";"40";"1";"Colares";"http://http2.mlstatic.com/D_NQ_NP_954487-MLB115353047455_072026-F.jpg";"MLB4972129137";"Colare Dourado Longo Feminino Banhado Ouro 18k Ref 20 - Fashion Shine Semijoia fina de altíssima qualidade com banho nobre antialérgico, desenvolvida para realçar a beleza e elegância feminina em qualquer ocasião. FICHA TÉCNICA: - Marca: Fashion Shine - Categoria: Colares - Banho: Ouro 18k / Ródio Nobre Hipoalergênico (Livre de Níquel) - Código SKU: FS-COLARE_DOURADO_LONGO_20 - Preço: R$ 40,00 - Condição: Produto Novo e Embalado - Estoque: Pronta Entrega (1 unidade) DIFERENCIAIS DA MARCA FASHION SHINE: ✔ Verniz de proteção de alta durabilidade (brilho prolongado). ✔ Design moderno, leve e sofisticado. ✔ Acabamento artesanal com rigoroso controle de qualidade. ✔ Excelente opção para presentear alguém especial. DICAS DE CONSERVAÇÃO: - Evite contato direto com perfumes, cremes e produtos químicos. - Retire suas peças antes de tomar banho de mar ou piscina. - Guarde individualmente em local seco e protegido da luz. Garantia de satisfação e envio imediato com nota fiscal."
"FS-COLARE_DOURADO_LONGO_21";"Colare Dourado Longo Feminino Banhado Ouro 18k Ref 21";"40";"1";"Colares";"http://http2.mlstatic.com/D_NQ_NP_858938-MLB115353018675_072026-F.jpg";"MLB4972129165";"Colare Dourado Longo Feminino Banhado Ouro 18k Ref 21 - Fashion Shine Semijoia fina de altíssima qualidade com banho nobre antialérgico, desenvolvida para realçar a beleza e elegância feminina em qualquer ocasião. FICHA TÉCNICA: - Marca: Fashion Shine - Categoria: Colares - Banho: Ouro 18k / Ródio Nobre Hipoalergênico (Livre de Níquel) - Código SKU: FS-COLARE_DOURADO_LONGO_21 - Preço: R$ 40,00 - Condição: Produto Novo e Embalado - Estoque: Pronta Entrega (1 unidade) DIFERENCIAIS DA MARCA FASHION SHINE: ✔ Verniz de proteção de alta durabilidade (brilho prolongado). ✔ Design moderno, leve e sofisticado. ✔ Acabamento artesanal com rigoroso controle de qualidade. ✔ Excelente opção para presentear alguém especial. DICAS DE CONSERVAÇÃO: - Evite contato direto com perfumes, cremes e produtos químicos. - Retire suas peças antes de tomar banho de mar ou piscina. - Guarde individualmente em local seco e protegido da luz. Garantia de satisfação e envio imediato com nota fiscal."
"FS-COLARE_METAL_COMPACTO_01";"Colare Metal Compacto Feminino Banhado Ouro 18k Ref 01";"40";"1";"Colares";"http://http2.mlstatic.com/D_NQ_NP_822089-MLB115352959399_072026-F.jpg";"MLB4972142035";"Colare Metal Compacto Feminino Banhado Ouro 18k Ref 01 - Fashion Shine Semijoia fina de altíssima qualidade com banho nobre antialérgico, desenvolvida para realçar a beleza e elegância feminina em qualquer ocasião. FICHA TÉCNICA: - Marca: Fashion Shine - Categoria: Colares - Banho: Ouro 18k / Ródio Nobre Hipoalergênico (Livre de Níquel) - Código SKU: FS-COLARE_METAL_COMPACTO_01 - Preço: R$ 40,00 - Condição: Produto Novo e Embalado - Estoque: Pronta Entrega (1 unidade) DIFERENCIAIS DA MARCA FASHION SHINE: ✔ Verniz de proteção de alta durabilidade (brilho prolongado). ✔ Design moderno, leve e sofisticado. ✔ Acabamento artesanal com rigoroso controle de qualidade. ✔ Excelente opção para presentear alguém especial. DICAS DE CONSERVAÇÃO: - Evite contato direto com perfumes, cremes e produtos químicos. - Retire suas peças antes de tomar banho de mar ou piscina. - Guarde individualmente em local seco e protegido da luz. Garantia de satisfação e envio imediato com nota fiscal."
"FS-COLARE_METAL_COMPACTO_02";"Colare Metal Compacto Feminino Banhado Ouro 18k Ref 02";"40";"1";"Colares";"http://http2.mlstatic.com/D_NQ_NP_953809-MLB115353342377_072026-F.jpg";"MLB4972154911";"Colare Metal Compacto Feminino Banhado Ouro 18k Ref 02 - Fashion Shine Semijoia fina de altíssima qualidade com banho nobre antialérgico, desenvolvida para realçar a beleza e elegância feminina em qualquer ocasião. FICHA TÉCNICA: - Marca: Fashion Shine - Categoria: Colares - Banho: Ouro 18k / Ródio Nobre Hipoalergênico (Livre de Níquel) - Código SKU: FS-COLARE_METAL_COMPACTO_02 - Preço: R$ 40,00 - Condição: Produto Novo e Embalado - Estoque: Pronta Entrega (1 unidade) DIFERENCIAIS DA MARCA FASHION SHINE: ✔ Verniz de proteção de alta durabilidade (brilho prolongado). ✔ Design moderno, leve e sofisticado. ✔ Acabamento artesanal com rigoroso controle de qualidade. ✔ Excelente opção para presentear alguém especial. DICAS DE CONSERVAÇÃO: - Evite contato direto com perfumes, cremes e produtos químicos. - Retire suas peças antes de tomar banho de mar ou piscina. - Guarde individualmente em local seco e protegido da luz. Garantia de satisfação e envio imediato com nota fiscal."
"FS-COLARE_METAL_COMPACTO_03";"Colare Metal Compacto Feminino Banhado Ouro 18k Ref 03";"40";"1";"Colares";"http://http2.mlstatic.com/D_NQ_NP_927003-MLB115352902147_072026-F.jpg";"MLB4972129267";"Colare Metal Compacto Feminino Banhado Ouro 18k Ref 03 - Fashion Shine Semijoia fina de altíssima qualidade com banho nobre antialérgico, desenvolvida para realçar a beleza e elegância feminina em qualquer ocasião. FICHA TÉCNICA: - Marca: Fashion Shine - Categoria: Colares - Banho: Ouro 18k / Ródio Nobre Hipoalergênico (Livre de Níquel) - Código SKU: FS-COLARE_METAL_COMPACTO_03 - Preço: R$ 40,00 - Condição: Produto Novo e Embalado - Estoque: Pronta Entrega (1 unidade) DIFERENCIAIS DA MARCA FASHION SHINE: ✔ Verniz de proteção de alta durabilidade (brilho prolongado). ✔ Design moderno, leve e sofisticado. ✔ Acabamento artesanal com rigoroso controle de qualidade. ✔ Excelente opção para presentear alguém especial. DICAS DE CONSERVAÇÃO: - Evite contato direto com perfumes, cremes e produtos químicos. - Retire suas peças antes de tomar banho de mar ou piscina. - Guarde individualmente em local seco e protegido da luz. Garantia de satisfação e envio imediato com nota fiscal."
"FS-COLARE_METAL_COMPACTO_04";"Colare Metal Compacto Feminino Banhado Ouro 18k Ref 04";"40";"1";"Colares";"http://http2.mlstatic.com/D_NQ_NP_831794-MLB114033103552_072026-F.jpg";"MLB4972154969";"Colare Metal Compacto Feminino Banhado Ouro 18k Ref 04 - Fashion Shine Semijoia fina de altíssima qualidade com banho nobre antialérgico, desenvolvida para realçar a beleza e elegância feminina em qualquer ocasião. FICHA TÉCNICA: - Marca: Fashion Shine - Categoria: Colares - Banho: Ouro 18k / Ródio Nobre Hipoalergênico (Livre de Níquel) - Código SKU: FS-COLARE_METAL_COMPACTO_04 - Preço: R$ 40,00 - Condição: Produto Novo e Embalado - Estoque: Pronta Entrega (1 unidade) DIFERENCIAIS DA MARCA FASHION SHINE: ✔ Verniz de proteção de alta durabilidade (brilho prolongado). ✔ Design moderno, leve e sofisticado. ✔ Acabamento artesanal com rigoroso controle de qualidade. ✔ Excelente opção para presentear alguém especial. DICAS DE CONSERVAÇÃO: - Evite contato direto com perfumes, cremes e produtos químicos. - Retire suas peças antes de tomar banho de mar ou piscina. - Guarde individualmente em local seco e protegido da luz. Garantia de satisfação e envio imediato com nota fiscal."
"FS-COLARE_METAL_COMPACTO_05";"Colare Metal Compacto Feminino Banhado Ouro 18k Ref 05";"40";"1";"Colares";"http://http2.mlstatic.com/D_NQ_NP_844642-MLB115353342563_072026-F.jpg";"MLB4972129361";"Colare Metal Compacto Feminino Banhado Ouro 18k Ref 05 - Fashion Shine Semijoia fina de altíssima qualidade com banho nobre antialérgico, desenvolvida para realçar a beleza e elegância feminina em qualquer ocasião. FICHA TÉCNICA: - Marca: Fashion Shine - Categoria: Colares - Banho: Ouro 18k / Ródio Nobre Hipoalergênico (Livre de Níquel) - Código SKU: FS-COLARE_METAL_COMPACTO_05 - Preço: R$ 40,00 - Condição: Produto Novo e Embalado - Estoque: Pronta Entrega (1 unidade) DIFERENCIAIS DA MARCA FASHION SHINE: ✔ Verniz de proteção de alta durabilidade (brilho prolongado). ✔ Design moderno, leve e sofisticado. ✔ Acabamento artesanal com rigoroso controle de qualidade. ✔ Excelente opção para presentear alguém especial. DICAS DE CONSERVAÇÃO: - Evite contato direto com perfumes, cremes e produtos químicos. - Retire suas peças antes de tomar banho de mar ou piscina. - Guarde individualmente em local seco e protegido da luz. Garantia de satisfação e envio imediato com nota fiscal."
"FS-COLARE_METAL_COMPACTO_06";"Colare Metal Compacto Feminino Banhado Ouro 18k Ref 06";"40";"1";"Colares";"http://http2.mlstatic.com/D_NQ_NP_604349-MLB115353047951_072026-F.jpg";"MLB4972142221";"Colare Metal Compacto Feminino Banhado Ouro 18k Ref 06 - Fashion Shine Semijoia fina de altíssima qualidade com banho nobre antialérgico, desenvolvida para realçar a beleza e elegância feminina em qualquer ocasião. FICHA TÉCNICA: - Marca: Fashion Shine - Categoria: Colares - Banho: Ouro 18k / Ródio Nobre Hipoalergênico (Livre de Níquel) - Código SKU: FS-COLARE_METAL_COMPACTO_06 - Preço: R$ 40,00 - Condição: Produto Novo e Embalado - Estoque: Pronta Entrega (1 unidade) DIFERENCIAIS DA MARCA FASHION SHINE: ✔ Verniz de proteção de alta durabilidade (brilho prolongado). ✔ Design moderno, leve e sofisticado. ✔ Acabamento artesanal com rigoroso controle de qualidade. ✔ Excelente opção para presentear alguém especial. DICAS DE CONSERVAÇÃO: - Evite contato direto com perfumes, cremes e produtos químicos. - Retire suas peças antes de tomar banho de mar ou piscina. - Guarde individualmente em local seco e protegido da luz. Garantia de satisfação e envio imediato com nota fiscal."
"FS-COLARE_METAL_LARGO_01";"Colare Metal Largo Feminino Banhado Ouro 18k Ref 01";"40";"1";"Colares";"http://http2.mlstatic.com/D_NQ_NP_823531-MLB115353106587_072026-F.jpg";"MLB4972155083";"Colare Metal Largo Feminino Banhado Ouro 18k Ref 01 - Fashion Shine Semijoia fina de altíssima qualidade com banho nobre antialérgico, desenvolvida para realçar a beleza e elegância feminina em qualquer ocasião. FICHA TÉCNICA: - Marca: Fashion Shine - Categoria: Colares - Banho: Ouro 18k / Ródio Nobre Hipoalergênico (Livre de Níquel) - Código SKU: FS-COLARE_METAL_LARGO_01 - Preço: R$ 40,00 - Condição: Produto Novo e Embalado - Estoque: Pronta Entrega (1 unidade) DIFERENCIAIS DA MARCA FASHION SHINE: ✔ Verniz de proteção de alta durabilidade (brilho prolongado). ✔ Design moderno, leve e sofisticado. ✔ Acabamento artesanal com rigoroso controle de qualidade. ✔ Excelente opção para presentear alguém especial. DICAS DE CONSERVAÇÃO: - Evite contato direto com perfumes, cremes e produtos químicos. - Retire suas peças antes de tomar banho de mar ou piscina. - Guarde individualmente em local seco e protegido da luz. Garantia de satisfação e envio imediato com nota fiscal."
"FS-COLARE_METAL_LARGO_02";"Colare Metal Largo Feminino Banhado Ouro 18k Ref 02";"40";"1";"Colares";"http://http2.mlstatic.com/D_NQ_NP_680233-MLB115353342749_072026-F.jpg";"MLB4972129449";"Colare Metal Largo Feminino Banhado Ouro 18k Ref 02 - Fashion Shine Semijoia fina de altíssima qualidade com banho nobre antialérgico, desenvolvida para realçar a beleza e elegância feminina em qualquer ocasião. FICHA TÉCNICA: - Marca: Fashion Shine - Categoria: Colares - Banho: Ouro 18k / Ródio Nobre Hipoalergênico (Livre de Níquel) - Código SKU: FS-COLARE_METAL_LARGO_02 - Preço: R$ 40,00 - Condição: Produto Novo e Embalado - Estoque: Pronta Entrega (1 unidade) DIFERENCIAIS DA MARCA FASHION SHINE: ✔ Verniz de proteção de alta durabilidade (brilho prolongado). ✔ Design moderno, leve e sofisticado. ✔ Acabamento artesanal com rigoroso controle de qualidade. ✔ Excelente opção para presentear alguém especial. DICAS DE CONSERVAÇÃO: - Evite contato direto com perfumes, cremes e produtos químicos. - Retire suas peças antes de tomar banho de mar ou piscina. - Guarde individualmente em local seco e protegido da luz. Garantia de satisfação e envio imediato com nota fiscal."
"FS-COLARE_METAL_LARGO_03";"Colare Metal Largo Feminino Banhado Ouro 18k Ref 03";"40";"1";"Colares";"http://http2.mlstatic.com/D_NQ_NP_964786-MLB115353598135_072026-F.jpg";"MLB4972142315";"Colare Metal Largo Feminino Banhado Ouro 18k Ref 03 - Fashion Shine Semijoia fina de altíssima qualidade com banho nobre antialérgico, desenvolvida para realçar a beleza e elegância feminina em qualquer ocasião. FICHA TÉCNICA: - Marca: Fashion Shine - Categoria: Colares - Banho: Ouro 18k / Ródio Nobre Hipoalergênico (Livre de Níquel) - Código SKU: FS-COLARE_METAL_LARGO_03 - Preço: R$ 40,00 - Condição: Produto Novo e Embalado - Estoque: Pronta Entrega (1 unidade) DIFERENCIAIS DA MARCA FASHION SHINE: ✔ Verniz de proteção de alta durabilidade (brilho prolongado). ✔ Design moderno, leve e sofisticado. ✔ Acabamento artesanal com rigoroso controle de qualidade. ✔ Excelente opção para presentear alguém especial. DICAS DE CONSERVAÇÃO: - Evite contato direto com perfumes, cremes e produtos químicos. - Retire suas peças antes de tomar banho de mar ou piscina. - Guarde individualmente em local seco e protegido da luz. Garantia de satisfação e envio imediato com nota fiscal."
"FS-COLARE_METAL_LARGO_04";"Colare Metal Largo Feminino Banhado Ouro 18k Ref 04";"40";"1";"Colares";"http://http2.mlstatic.com/D_NQ_NP_646287-MLB115352990093_072026-F.jpg";"MLB4972142357";"Colare Metal Largo Feminino Banhado Ouro 18k Ref 04 - Fashion Shine Semijoia fina de altíssima qualidade com banho nobre antialérgico, desenvolvida para realçar a beleza e elegância feminina em qualquer ocasião. FICHA TÉCNICA: - Marca: Fashion Shine - Categoria: Colares - Banho: Ouro 18k / Ródio Nobre Hipoalergênico (Livre de Níquel) - Código SKU: FS-COLARE_METAL_LARGO_04 - Preço: R$ 40,00 - Condição: Produto Novo e Embalado - Estoque: Pronta Entrega (1 unidade) DIFERENCIAIS DA MARCA FASHION SHINE: ✔ Verniz de proteção de alta durabilidade (brilho prolongado). ✔ Design moderno, leve e sofisticado. ✔ Acabamento artesanal com rigoroso controle de qualidade. ✔ Excelente opção para presentear alguém especial. DICAS DE CONSERVAÇÃO: - Evite contato direto com perfumes, cremes e produtos químicos. - Retire suas peças antes de tomar banho de mar ou piscina. - Guarde individualmente em local seco e protegido da luz. Garantia de satisfação e envio imediato com nota fiscal."
"FS-COLARE_METAL_LARGO_05";"Colare Metal Largo Feminino Banhado Ouro 18k Ref 05";"40";"1";"Colares";"http://http2.mlstatic.com/D_NQ_NP_673024-MLB114033103974_072026-F.jpg";"MLB4972129571";"Colare Metal Largo Feminino Banhado Ouro 18k Ref 05 - Fashion Shine 📷 ANÚNCIO COM GALERIA COMPLETA: Inclui 2 fotos em alta resolução mostrando diferentes ângulos e detalhes reais da peça. Semijoia fina de altíssima qualidade com banho nobre antialérgico, desenvolvida para realçar a beleza e elegância feminina em qualquer ocasião. FICHA TÉCNICA: - Marca: Fashion Shine - Categoria: Colares - Banho: Ouro 18k / Ródio Nobre Hipoalergênico (Livre de Níquel) - Código SKU: FS-COLARE_METAL_LARGO_05 - Preço: R$ 40,00 - Condição: Produto Novo e Embalado - Estoque: Pronta Entrega (1 unidade) DIFERENCIAIS DA MARCA FASHION SHINE: ✔ Verniz de proteção de alta durabilidade (brilho prolongado). ✔ Design moderno, leve e sofisticado. ✔ Acabamento artesanal com rigoroso controle de qualidade. ✔ Excelente opção para presentear alguém especial. DICAS DE CONSERVAÇÃO: - Evite contato direto com perfumes, cremes e produtos químicos. - Retire suas peças antes de tomar banho de mar ou piscina. - Guarde individualmente em local seco e protegido da luz. Garantia de satisfação e envio imediato com nota fiscal."
"FS-COLARE_METAL_LARGO_06";"Colare Metal Largo Feminino Banhado Ouro 18k Ref 06";"40";"1";"Colares";"http://http2.mlstatic.com/D_NQ_NP_912295-MLB115352931483_072026-F.jpg";"MLB4972129615";"Colare Metal Largo Feminino Banhado Ouro 18k Ref 06 - Fashion Shine 📷 ANÚNCIO COM GALERIA COMPLETA: Inclui 2 fotos em alta resolução mostrando diferentes ângulos e detalhes reais da peça. Semijoia fina de altíssima qualidade com banho nobre antialérgico, desenvolvida para realçar a beleza e elegância feminina em qualquer ocasião. FICHA TÉCNICA: - Marca: Fashion Shine - Categoria: Colares - Banho: Ouro 18k / Ródio Nobre Hipoalergênico (Livre de Níquel) - Código SKU: FS-COLARE_METAL_LARGO_06 - Preço: R$ 40,00 - Condição: Produto Novo e Embalado - Estoque: Pronta Entrega (1 unidade) DIFERENCIAIS DA MARCA FASHION SHINE: ✔ Verniz de proteção de alta durabilidade (brilho prolongado). ✔ Design moderno, leve e sofisticado. ✔ Acabamento artesanal com rigoroso controle de qualidade. ✔ Excelente opção para presentear alguém especial. DICAS DE CONSERVAÇÃO: - Evite contato direto com perfumes, cremes e produtos químicos. - Retire suas peças antes de tomar banho de mar ou piscina. - Guarde individualmente em local seco e protegido da luz. Garantia de satisfação e envio imediato com nota fiscal."
"FS-COLARE_METAL_LARGO_07";"Colare Metal Largo Feminino Banhado Ouro 18k Ref 07";"40";"1";"Colares";"http://http2.mlstatic.com/D_NQ_NP_989917-MLB115352902713_072026-F.jpg";"MLB4972155275";"Colare Metal Largo Feminino Banhado Ouro 18k Ref 07 - Fashion Shine 📷 ANÚNCIO COM GALERIA COMPLETA: Inclui 2 fotos em alta resolução mostrando diferentes ângulos e detalhes reais da peça. Semijoia fina de altíssima qualidade com banho nobre antialérgico, desenvolvida para realçar a beleza e elegância feminina em qualquer ocasião. FICHA TÉCNICA: - Marca: Fashion Shine - Categoria: Colares - Banho: Ouro 18k / Ródio Nobre Hipoalergênico (Livre de Níquel) - Código SKU: FS-COLARE_METAL_LARGO_07 - Preço: R$ 40,00 - Condição: Produto Novo e Embalado - Estoque: Pronta Entrega (1 unidade) DIFERENCIAIS DA MARCA FASHION SHINE: ✔ Verniz de proteção de alta durabilidade (brilho prolongado). ✔ Design moderno, leve e sofisticado. ✔ Acabamento artesanal com rigoroso controle de qualidade. ✔ Excelente opção para presentear alguém especial. DICAS DE CONSERVAÇÃO: - Evite contato direto com perfumes, cremes e produtos químicos. - Retire suas peças antes de tomar banho de mar ou piscina. - Guarde individualmente em local seco e protegido da luz. Garantia de satisfação e envio imediato com nota fiscal."
"FS-COLARE_METAL_LARGO_08";"Colare Metal Largo Feminino Banhado Ouro 18k Ref 08";"40";"1";"Colares";"http://http2.mlstatic.com/D_NQ_NP_760571-MLB115352931651_072026-F.jpg";"MLB4972129693";"Colare Metal Largo Feminino Banhado Ouro 18k Ref 08 - Fashion Shine 📷 ANÚNCIO COM GALERIA COMPLETA: Inclui 2 fotos em alta resolução mostrando diferentes ângulos e detalhes reais da peça. Semijoia fina de altíssima qualidade com banho nobre antialérgico, desenvolvida para realçar a beleza e elegância feminina em qualquer ocasião. FICHA TÉCNICA: - Marca: Fashion Shine - Categoria: Colares - Banho: Ouro 18k / Ródio Nobre Hipoalergênico (Livre de Níquel) - Código SKU: FS-COLARE_METAL_LARGO_08 - Preço: R$ 40,00 - Condição: Produto Novo e Embalado - Estoque: Pronta Entrega (1 unidade) DIFERENCIAIS DA MARCA FASHION SHINE: ✔ Verniz de proteção de alta durabilidade (brilho prolongado). ✔ Design moderno, leve e sofisticado. ✔ Acabamento artesanal com rigoroso controle de qualidade. ✔ Excelente opção para presentear alguém especial. DICAS DE CONSERVAÇÃO: - Evite contato direto com perfumes, cremes e produtos químicos. - Retire suas peças antes de tomar banho de mar ou piscina. - Guarde individualmente em local seco e protegido da luz. Garantia de satisfação e envio imediato com nota fiscal."
"FS-COLARE_METAL_LARGO_09";"Colare Metal Largo Feminino Banhado Ouro 18k Ref 09";"40";"1";"Colares";"http://http2.mlstatic.com/D_NQ_NP_636665-MLB115352931745_072026-F.jpg";"MLB4972142593";"Colare Metal Largo Feminino Banhado Ouro 18k Ref 09 - Fashion Shine Semijoia fina de altíssima qualidade com banho nobre antialérgico, desenvolvida para realçar a beleza e elegância feminina em qualquer ocasião. FICHA TÉCNICA: - Marca: Fashion Shine - Categoria: Colares - Banho: Ouro 18k / Ródio Nobre Hipoalergênico (Livre de Níquel) - Código SKU: FS-COLARE_METAL_LARGO_09 - Preço: R$ 40,00 - Condição: Produto Novo e Embalado - Estoque: Pronta Entrega (1 unidade) DIFERENCIAIS DA MARCA FASHION SHINE: ✔ Verniz de proteção de alta durabilidade (brilho prolongado). ✔ Design moderno, leve e sofisticado. ✔ Acabamento artesanal com rigoroso controle de qualidade. ✔ Excelente opção para presentear alguém especial. DICAS DE CONSERVAÇÃO: - Evite contato direto com perfumes, cremes e produtos químicos. - Retire suas peças antes de tomar banho de mar ou piscina. - Guarde individualmente em local seco e protegido da luz. Garantia de satisfação e envio imediato com nota fiscal."
"FS-COLARE_METAL_LARGO_10";"Colare Metal Largo Feminino Banhado Ouro 18k Ref 10";"40";"1";"Colares";"http://http2.mlstatic.com/D_NQ_NP_648436-MLB115352931797_072026-F.jpg";"MLB4972155555";"Colare Metal Largo Feminino Banhado Ouro 18k Ref 10 - Fashion Shine 📷 ANÚNCIO COM GALERIA COMPLETA: Inclui 2 fotos em alta resolução mostrando diferentes ângulos e detalhes reais da peça. Semijoia fina de altíssima qualidade com banho nobre antialérgico, desenvolvida para realçar a beleza e elegância feminina em qualquer ocasião. FICHA TÉCNICA: - Marca: Fashion Shine - Categoria: Colares - Banho: Ouro 18k / Ródio Nobre Hipoalergênico (Livre de Níquel) - Código SKU: FS-COLARE_METAL_LARGO_10 - Preço: R$ 40,00 - Condição: Produto Novo e Embalado - Estoque: Pronta Entrega (1 unidade) DIFERENCIAIS DA MARCA FASHION SHINE: ✔ Verniz de proteção de alta durabilidade (brilho prolongado). ✔ Design moderno, leve e sofisticado. ✔ Acabamento artesanal com rigoroso controle de qualidade. ✔ Excelente opção para presentear alguém especial. DICAS DE CONSERVAÇÃO: - Evite contato direto com perfumes, cremes e produtos químicos. - Retire suas peças antes de tomar banho de mar ou piscina. - Guarde individualmente em local seco e protegido da luz. Garantia de satisfação e envio imediato com nota fiscal."
"FS-COLARE_METAL_LONGO_01";"Colare Metal Longo Feminino Banhado Ouro 18k Ref 01";"40";"1";"Colares";"http://http2.mlstatic.com/D_NQ_NP_825334-MLB115352990585_072026-F.jpg";"MLB4972155707";"Colare Metal Longo Feminino Banhado Ouro 18k Ref 01 - Fashion Shine 📷 ANÚNCIO COM GALERIA COMPLETA: Inclui 4 fotos em alta resolução mostrando diferentes ângulos e detalhes reais da peça. Semijoia fina de altíssima qualidade com banho nobre antialérgico, desenvolvida para realçar a beleza e elegância feminina em qualquer ocasião. FICHA TÉCNICA: - Marca: Fashion Shine - Categoria: Colares - Banho: Ouro 18k / Ródio Nobre Hipoalergênico (Livre de Níquel) - Código SKU: FS-COLARE_METAL_LONGO_01 - Preço: R$ 40,00 - Condição: Produto Novo e Embalado - Estoque: Pronta Entrega (1 unidade) DIFERENCIAIS DA MARCA FASHION SHINE: ✔ Verniz de proteção de alta durabilidade (brilho prolongado). ✔ Design moderno, leve e sofisticado. ✔ Acabamento artesanal com rigoroso controle de qualidade. ✔ Excelente opção para presentear alguém especial. DICAS DE CONSERVAÇÃO: - Evite contato direto com perfumes, cremes e produtos químicos. - Retire suas peças antes de tomar banho de mar ou piscina. - Guarde individualmente em local seco e protegido da luz. Garantia de satisfação e envio imediato com nota fiscal."
"FS-COLARE_METAL_LONGO_02";"Colare Metal Longo Feminino Banhado Ouro 18k Ref 02";"40";"1";"Colares";"http://http2.mlstatic.com/D_NQ_NP_705747-MLB115353254067_072026-F.jpg";"MLB4972155811";"Colare Metal Longo Feminino Banhado Ouro 18k Ref 02 - Fashion Shine Semijoia fina de altíssima qualidade com banho nobre antialérgico, desenvolvida para realçar a beleza e elegância feminina em qualquer ocasião. FICHA TÉCNICA: - Marca: Fashion Shine - Categoria: Colares - Banho: Ouro 18k / Ródio Nobre Hipoalergênico (Livre de Níquel) - Código SKU: FS-COLARE_METAL_LONGO_02 - Preço: R$ 40,00 - Condição: Produto Novo e Embalado - Estoque: Pronta Entrega (1 unidade) DIFERENCIAIS DA MARCA FASHION SHINE: ✔ Verniz de proteção de alta durabilidade (brilho prolongado). ✔ Design moderno, leve e sofisticado. ✔ Acabamento artesanal com rigoroso controle de qualidade. ✔ Excelente opção para presentear alguém especial. DICAS DE CONSERVAÇÃO: - Evite contato direto com perfumes, cremes e produtos químicos. - Retire suas peças antes de tomar banho de mar ou piscina. - Guarde individualmente em local seco e protegido da luz. Garantia de satisfação e envio imediato com nota fiscal."
"FS-COLARE_METAL_LONGO_03";"Colare Metal Longo Feminino Banhado Ouro 18k Ref 03";"40";"1";"Colares";"http://http2.mlstatic.com/D_NQ_NP_713912-MLB115353019841_072026-F.jpg";"MLB4972130301";"Colare Metal Longo Feminino Banhado Ouro 18k Ref 03 - Fashion Shine Semijoia fina de altíssima qualidade com banho nobre antialérgico, desenvolvida para realçar a beleza e elegância feminina em qualquer ocasião. FICHA TÉCNICA: - Marca: Fashion Shine - Categoria: Colares - Banho: Ouro 18k / Ródio Nobre Hipoalergênico (Livre de Níquel) - Código SKU: FS-COLARE_METAL_LONGO_03 - Preço: R$ 40,00 - Condição: Produto Novo e Embalado - Estoque: Pronta Entrega (1 unidade) DIFERENCIAIS DA MARCA FASHION SHINE: ✔ Verniz de proteção de alta durabilidade (brilho prolongado). ✔ Design moderno, leve e sofisticado. ✔ Acabamento artesanal com rigoroso controle de qualidade. ✔ Excelente opção para presentear alguém especial. DICAS DE CONSERVAÇÃO: - Evite contato direto com perfumes, cremes e produtos químicos. - Retire suas peças antes de tomar banho de mar ou piscina. - Guarde individualmente em local seco e protegido da luz. Garantia de satisfação e envio imediato com nota fiscal."
"FS-COLARE_METAL_LONGO_04";"Colare Metal Longo Feminino Banhado Ouro 18k Ref 04";"40";"1";"Colares";"http://http2.mlstatic.com/D_NQ_NP_975286-MLB115353019897_072026-F.jpg";"MLB4972130325";"Colare Metal Longo Feminino Banhado Ouro 18k Ref 04 - Fashion Shine Semijoia fina de altíssima qualidade com banho nobre antialérgico, desenvolvida para realçar a beleza e elegância feminina em qualquer ocasião. FICHA TÉCNICA: - Marca: Fashion Shine - Categoria: Colares - Banho: Ouro 18k / Ródio Nobre Hipoalergênico (Livre de Níquel) - Código SKU: FS-COLARE_METAL_LONGO_04 - Preço: R$ 40,00 - Condição: Produto Novo e Embalado - Estoque: Pronta Entrega (1 unidade) DIFERENCIAIS DA MARCA FASHION SHINE: ✔ Verniz de proteção de alta durabilidade (brilho prolongado). ✔ Design moderno, leve e sofisticado. ✔ Acabamento artesanal com rigoroso controle de qualidade. ✔ Excelente opção para presentear alguém especial. DICAS DE CONSERVAÇÃO: - Evite contato direto com perfumes, cremes e produtos químicos. - Retire suas peças antes de tomar banho de mar ou piscina. - Guarde individualmente em local seco e protegido da luz. Garantia de satisfação e envio imediato com nota fiscal."
"FS-COLARE_METAL_LONGO_05";"Colare Metal Longo Feminino Banhado Ouro 18k Ref 05";"40";"1";"Colares";"http://http2.mlstatic.com/D_NQ_NP_903064-MLB115353019959_072026-F.jpg";"MLB4972130383";"Colare Metal Longo Feminino Banhado Ouro 18k Ref 05 - Fashion Shine 📷 ANÚNCIO COM GALERIA COMPLETA: Inclui 3 fotos em alta resolução mostrando diferentes ângulos e detalhes reais da peça. Semijoia fina de altíssima qualidade com banho nobre antialérgico, desenvolvida para realçar a beleza e elegância feminina em qualquer ocasião. FICHA TÉCNICA: - Marca: Fashion Shine - Categoria: Colares - Banho: Ouro 18k / Ródio Nobre Hipoalergênico (Livre de Níquel) - Código SKU: FS-COLARE_METAL_LONGO_05 - Preço: R$ 40,00 - Condição: Produto Novo e Embalado - Estoque: Pronta Entrega (1 unidade) DIFERENCIAIS DA MARCA FASHION SHINE: ✔ Verniz de proteção de alta durabilidade (brilho prolongado). ✔ Design moderno, leve e sofisticado. ✔ Acabamento artesanal com rigoroso controle de qualidade. ✔ Excelente opção para presentear alguém especial. DICAS DE CONSERVAÇÃO: - Evite contato direto com perfumes, cremes e produtos químicos. - Retire suas peças antes de tomar banho de mar ou piscina. - Guarde individualmente em local seco e protegido da luz. Garantia de satisfação e envio imediato com nota fiscal."
"FS-COLARE_PRATA_COMPACTO_01";"Colare Prata Compacto Feminino Banhado Ouro 18k Ref 01";"40";"1";"Colares";"http://http2.mlstatic.com/D_NQ_NP_709990-MLB115353020029_072026-F.jpg";"MLB4972156003";"Colare Prata Compacto Feminino Banhado Ouro 18k Ref 01 - Fashion Shine Semijoia fina de altíssima qualidade com banho nobre antialérgico, desenvolvida para realçar a beleza e elegância feminina em qualquer ocasião. FICHA TÉCNICA: - Marca: Fashion Shine - Categoria: Colares - Banho: Ouro 18k / Ródio Nobre Hipoalergênico (Livre de Níquel) - Código SKU: FS-COLARE_PRATA_COMPACTO_01 - Preço: R$ 40,00 - Condição: Produto Novo e Embalado - Estoque: Pronta Entrega (1 unidade) DIFERENCIAIS DA MARCA FASHION SHINE: ✔ Verniz de proteção de alta durabilidade (brilho prolongado). ✔ Design moderno, leve e sofisticado. ✔ Acabamento artesanal com rigoroso controle de qualidade. ✔ Excelente opção para presentear alguém especial. DICAS DE CONSERVAÇÃO: - Evite contato direto com perfumes, cremes e produtos químicos. - Retire suas peças antes de tomar banho de mar ou piscina. - Guarde individualmente em local seco e protegido da luz. Garantia de satisfação e envio imediato com nota fiscal."
"FS-COLARE_PRATA_COMPACTO_02";"Colare Prata Compacto Feminino Banhado Ouro 18k Ref 02";"40";"1";"Colares";"http://http2.mlstatic.com/D_NQ_NP_690122-MLB115353020075_072026-F.jpg";"MLB4972143243";"Colare Prata Compacto Feminino Banhado Ouro 18k Ref 02 - Fashion Shine Semijoia fina de altíssima qualidade com banho nobre antialérgico, desenvolvida para realçar a beleza e elegância feminina em qualquer ocasião. FICHA TÉCNICA: - Marca: Fashion Shine - Categoria: Colares - Banho: Ouro 18k / Ródio Nobre Hipoalergênico (Livre de Níquel) - Código SKU: FS-COLARE_PRATA_COMPACTO_02 - Preço: R$ 40,00 - Condição: Produto Novo e Embalado - Estoque: Pronta Entrega (1 unidade) DIFERENCIAIS DA MARCA FASHION SHINE: ✔ Verniz de proteção de alta durabilidade (brilho prolongado). ✔ Design moderno, leve e sofisticado. ✔ Acabamento artesanal com rigoroso controle de qualidade. ✔ Excelente opção para presentear alguém especial. DICAS DE CONSERVAÇÃO: - Evite contato direto com perfumes, cremes e produtos químicos. - Retire suas peças antes de tomar banho de mar ou piscina. - Guarde individualmente em local seco e protegido da luz. Garantia de satisfação e envio imediato com nota fiscal."
"FS-COLARE_PRATA_COMPACTO_03";"Colare Prata Compacto Feminino Banhado Ouro 18k Ref 03";"40";"1";"Colares";"http://http2.mlstatic.com/D_NQ_NP_732504-MLB115352843941_072026-F.jpg";"MLB4972156119";"Colare Prata Compacto Feminino Banhado Ouro 18k Ref 03 - Fashion Shine 📷 ANÚNCIO COM GALERIA COMPLETA: Inclui 3 fotos em alta resolução mostrando diferentes ângulos e detalhes reais da peça. Semijoia fina de altíssima qualidade com banho nobre antialérgico, desenvolvida para realçar a beleza e elegância feminina em qualquer ocasião. FICHA TÉCNICA: - Marca: Fashion Shine - Categoria: Colares - Banho: Ouro 18k / Ródio Nobre Hipoalergênico (Livre de Níquel) - Código SKU: FS-COLARE_PRATA_COMPACTO_03 - Preço: R$ 40,00 - Condição: Produto Novo e Embalado - Estoque: Pronta Entrega (1 unidade) DIFERENCIAIS DA MARCA FASHION SHINE: ✔ Verniz de proteção de alta durabilidade (brilho prolongado). ✔ Design moderno, leve e sofisticado. ✔ Acabamento artesanal com rigoroso controle de qualidade. ✔ Excelente opção para presentear alguém especial. DICAS DE CONSERVAÇÃO: - Evite contato direto com perfumes, cremes e produtos químicos. - Retire suas peças antes de tomar banho de mar ou piscina. - Guarde individualmente em local seco e protegido da luz. Garantia de satisfação e envio imediato com nota fiscal."
"FS-COLARE_PRATA_COMPACTO_04";"Colare Prata Compacto Feminino Banhado Ouro 18k Ref 04";"40";"1";"Colares";"http://http2.mlstatic.com/D_NQ_NP_910864-MLB115353049167_072026-F.jpg";"MLB4972156201";"Colare Prata Compacto Feminino Banhado Ouro 18k Ref 04 - Fashion Shine 📷 ANÚNCIO COM GALERIA COMPLETA: Inclui 2 fotos em alta resolução mostrando diferentes ângulos e detalhes reais da peça. Semijoia fina de altíssima qualidade com banho nobre antialérgico, desenvolvida para realçar a beleza e elegância feminina em qualquer ocasião. FICHA TÉCNICA: - Marca: Fashion Shine - Categoria: Colares - Banho: Ouro 18k / Ródio Nobre Hipoalergênico (Livre de Níquel) - Código SKU: FS-COLARE_PRATA_COMPACTO_04 - Preço: R$ 40,00 - Condição: Produto Novo e Embalado - Estoque: Pronta Entrega (1 unidade) DIFERENCIAIS DA MARCA FASHION SHINE: ✔ Verniz de proteção de alta durabilidade (brilho prolongado). ✔ Design moderno, leve e sofisticado. ✔ Acabamento artesanal com rigoroso controle de qualidade. ✔ Excelente opção para presentear alguém especial. DICAS DE CONSERVAÇÃO: - Evite contato direto com perfumes, cremes e produtos químicos. - Retire suas peças antes de tomar banho de mar ou piscina. - Guarde individualmente em local seco e protegido da luz. Garantia de satisfação e envio imediato com nota fiscal."
"FS-COLARE_PRATA_COMPACTO_05";"Colare Prata Compacto Feminino Banhado Ouro 18k Ref 05";"40";"1";"Colares";"http://http2.mlstatic.com/D_NQ_NP_991506-MLB115353599301_072026-F.jpg";"MLB4972130679";"Colare Prata Compacto Feminino Banhado Ouro 18k Ref 05 - Fashion Shine Semijoia fina de altíssima qualidade com banho nobre antialérgico, desenvolvida para realçar a beleza e elegância feminina em qualquer ocasião. FICHA TÉCNICA: - Marca: Fashion Shine - Categoria: Colares - Banho: Ouro 18k / Ródio Nobre Hipoalergênico (Livre de Níquel) - Código SKU: FS-COLARE_PRATA_COMPACTO_05 - Preço: R$ 40,00 - Condição: Produto Novo e Embalado - Estoque: Pronta Entrega (1 unidade) DIFERENCIAIS DA MARCA FASHION SHINE: ✔ Verniz de proteção de alta durabilidade (brilho prolongado). ✔ Design moderno, leve e sofisticado. ✔ Acabamento artesanal com rigoroso controle de qualidade. ✔ Excelente opção para presentear alguém especial. DICAS DE CONSERVAÇÃO: - Evite contato direto com perfumes, cremes e produtos químicos. - Retire suas peças antes de tomar banho de mar ou piscina. - Guarde individualmente em local seco e protegido da luz. Garantia de satisfação e envio imediato com nota fiscal."
"FS-COLARE_PRATA_COMPACTO_06";"Colare Prata Compacto Feminino Banhado Ouro 18k Ref 06";"40";"1";"Colares";"http://http2.mlstatic.com/D_NQ_NP_809736-MLB115353049297_072026-F.jpg";"MLB4972130745";"Colare Prata Compacto Feminino Banhado Ouro 18k Ref 06 - Fashion Shine Semijoia fina de altíssima qualidade com banho nobre antialérgico, desenvolvida para realçar a beleza e elegância feminina em qualquer ocasião. FICHA TÉCNICA: - Marca: Fashion Shine - Categoria: Colares - Banho: Ouro 18k / Ródio Nobre Hipoalergênico (Livre de Níquel) - Código SKU: FS-COLARE_PRATA_COMPACTO_06 - Preço: R$ 40,00 - Condição: Produto Novo e Embalado - Estoque: Pronta Entrega (1 unidade) DIFERENCIAIS DA MARCA FASHION SHINE: ✔ Verniz de proteção de alta durabilidade (brilho prolongado). ✔ Design moderno, leve e sofisticado. ✔ Acabamento artesanal com rigoroso controle de qualidade. ✔ Excelente opção para presentear alguém especial. DICAS DE CONSERVAÇÃO: - Evite contato direto com perfumes, cremes e produtos químicos. - Retire suas peças antes de tomar banho de mar ou piscina. - Guarde individualmente em local seco e protegido da luz. Garantia de satisfação e envio imediato com nota fiscal."
"FS-COLARE_PRATA_COMPACTO_07";"Colare Prata Compacto Feminino Banhado Ouro 18k Ref 07";"40";"1";"Colares";"http://http2.mlstatic.com/D_NQ_NP_773379-MLB115353254739_072026-F.jpg";"MLB4972130825";"Colare Prata Compacto Feminino Banhado Ouro 18k Ref 07 - Fashion Shine Semijoia fina de altíssima qualidade com banho nobre antialérgico, desenvolvida para realçar a beleza e elegância feminina em qualquer ocasião. FICHA TÉCNICA: - Marca: Fashion Shine - Categoria: Colares - Banho: Ouro 18k / Ródio Nobre Hipoalergênico (Livre de Níquel) - Código SKU: FS-COLARE_PRATA_COMPACTO_07 - Preço: R$ 40,00 - Condição: Produto Novo e Embalado - Estoque: Pronta Entrega (1 unidade) DIFERENCIAIS DA MARCA FASHION SHINE: ✔ Verniz de proteção de alta durabilidade (brilho prolongado). ✔ Design moderno, leve e sofisticado. ✔ Acabamento artesanal com rigoroso controle de qualidade. ✔ Excelente opção para presentear alguém especial. DICAS DE CONSERVAÇÃO: - Evite contato direto com perfumes, cremes e produtos químicos. - Retire suas peças antes de tomar banho de mar ou piscina. - Guarde individualmente em local seco e protegido da luz. Garantia de satisfação e envio imediato com nota fiscal."
"FS-COLARE_PRATA_COMPACTO_08";"Colare Prata Compacto Feminino Banhado Ouro 18k Ref 08";"40";"1";"Colares";"http://http2.mlstatic.com/D_NQ_NP_969448-MLB115353284499_072026-F.jpg";"MLB4972130889";"Colare Prata Compacto Feminino Banhado Ouro 18k Ref 08 - Fashion Shine Semijoia fina de altíssima qualidade com banho nobre antialérgico, desenvolvida para realçar a beleza e elegância feminina em qualquer ocasião. FICHA TÉCNICA: - Marca: Fashion Shine - Categoria: Colares - Banho: Ouro 18k / Ródio Nobre Hipoalergênico (Livre de Níquel) - Código SKU: FS-COLARE_PRATA_COMPACTO_08 - Preço: R$ 40,00 - Condição: Produto Novo e Embalado - Estoque: Pronta Entrega (1 unidade) DIFERENCIAIS DA MARCA FASHION SHINE: ✔ Verniz de proteção de alta durabilidade (brilho prolongado). ✔ Design moderno, leve e sofisticado. ✔ Acabamento artesanal com rigoroso controle de qualidade. ✔ Excelente opção para presentear alguém especial. DICAS DE CONSERVAÇÃO: - Evite contato direto com perfumes, cremes e produtos químicos. - Retire suas peças antes de tomar banho de mar ou piscina. - Guarde individualmente em local seco e protegido da luz. Garantia de satisfação e envio imediato com nota fiscal."
"FS-COLARE_PRATA_COMPACTO_09";"Colare Prata Compacto Feminino Banhado Ouro 18k Ref 09";"40";"1";"Colares";"http://http2.mlstatic.com/D_NQ_NP_691277-MLB115352844321_072026-F.jpg";"MLB4972156499";"Colare Prata Compacto Feminino Banhado Ouro 18k Ref 09 - Fashion Shine Semijoia fina de altíssima qualidade com banho nobre antialérgico, desenvolvida para realçar a beleza e elegância feminina em qualquer ocasião. FICHA TÉCNICA: - Marca: Fashion Shine - Categoria: Colares - Banho: Ouro 18k / Ródio Nobre Hipoalergênico (Livre de Níquel) - Código SKU: FS-COLARE_PRATA_COMPACTO_09 - Preço: R$ 40,00 - Condição: Produto Novo e Embalado - Estoque: Pronta Entrega (1 unidade) DIFERENCIAIS DA MARCA FASHION SHINE: ✔ Verniz de proteção de alta durabilidade (brilho prolongado). ✔ Design moderno, leve e sofisticado. ✔ Acabamento artesanal com rigoroso controle de qualidade. ✔ Excelente opção para presentear alguém especial. DICAS DE CONSERVAÇÃO: - Evite contato direto com perfumes, cremes e produtos químicos. - Retire suas peças antes de tomar banho de mar ou piscina. - Guarde individualmente em local seco e protegido da luz. Garantia de satisfação e envio imediato com nota fiscal."
"FS-COLARE_PRATA_LARGO_01";"Colare Prata Largo Feminino Banhado Ouro 18k Ref 01";"40";"1";"Colares";"http://http2.mlstatic.com/D_NQ_NP_909763-MLB115353254937_072026-F.jpg";"MLB4972130985";"Colare Prata Largo Feminino Banhado Ouro 18k Ref 01 - Fashion Shine 📷 ANÚNCIO COM GALERIA COMPLETA: Inclui 2 fotos em alta resolução mostrando diferentes ângulos e detalhes reais da peça. Semijoia fina de altíssima qualidade com banho nobre antialérgico, desenvolvida para realçar a beleza e elegância feminina em qualquer ocasião. FICHA TÉCNICA: - Marca: Fashion Shine - Categoria: Colares - Banho: Ouro 18k / Ródio Nobre Hipoalergênico (Livre de Níquel) - Código SKU: FS-COLARE_PRATA_LARGO_01 - Preço: R$ 40,00 - Condição: Produto Novo e Embalado - Estoque: Pronta Entrega (1 unidade) DIFERENCIAIS DA MARCA FASHION SHINE: ✔ Verniz de proteção de alta durabilidade (brilho prolongado). ✔ Design moderno, leve e sofisticado. ✔ Acabamento artesanal com rigoroso controle de qualidade. ✔ Excelente opção para presentear alguém especial. DICAS DE CONSERVAÇÃO: - Evite contato direto com perfumes, cremes e produtos químicos. - Retire suas peças antes de tomar banho de mar ou piscina. - Guarde individualmente em local seco e protegido da luz. Garantia de satisfação e envio imediato com nota fiscal."
"FS-COLARE_PRATA_LARGO_02";"Colare Prata Largo Feminino Banhado Ouro 18k Ref 02";"40";"1";"Colares";"http://http2.mlstatic.com/D_NQ_NP_621400-MLB115353284699_072026-F.jpg";"MLB4972131019";"Colare Prata Largo Feminino Banhado Ouro 18k Ref 02 - Fashion Shine Semijoia fina de altíssima qualidade com banho nobre antialérgico, desenvolvida para realçar a beleza e elegância feminina em qualquer ocasião. FICHA TÉCNICA: - Marca: Fashion Shine - Categoria: Colares - Banho: Ouro 18k / Ródio Nobre Hipoalergênico (Livre de Níquel) - Código SKU: FS-COLARE_PRATA_LARGO_02 - Preço: R$ 40,00 - Condição: Produto Novo e Embalado - Estoque: Pronta Entrega (1 unidade) DIFERENCIAIS DA MARCA FASHION SHINE: ✔ Verniz de proteção de alta durabilidade (brilho prolongado). ✔ Design moderno, leve e sofisticado. ✔ Acabamento artesanal com rigoroso controle de qualidade. ✔ Excelente opção para presentear alguém especial. DICAS DE CONSERVAÇÃO: - Evite contato direto com perfumes, cremes e produtos químicos. - Retire suas peças antes de tomar banho de mar ou piscina. - Guarde individualmente em local seco e protegido da luz. Garantia de satisfação e envio imediato com nota fiscal."
"FS-COLARE_PRATA_LARGO_03";"Colare Prata Largo Feminino Banhado Ouro 18k Ref 03";"40";"1";"Colares";"http://http2.mlstatic.com/D_NQ_NP_822908-MLB115353255101_072026-F.jpg";"MLB4972131079";"Colare Prata Largo Feminino Banhado Ouro 18k Ref 03 - Fashion Shine 📷 ANÚNCIO COM GALERIA COMPLETA: Inclui 2 fotos em alta resolução mostrando diferentes ângulos e detalhes reais da peça. Semijoia fina de altíssima qualidade com banho nobre antialérgico, desenvolvida para realçar a beleza e elegância feminina em qualquer ocasião. FICHA TÉCNICA: - Marca: Fashion Shine - Categoria: Colares - Banho: Ouro 18k / Ródio Nobre Hipoalergênico (Livre de Níquel) - Código SKU: FS-COLARE_PRATA_LARGO_03 - Preço: R$ 40,00 - Condição: Produto Novo e Embalado - Estoque: Pronta Entrega (1 unidade) DIFERENCIAIS DA MARCA FASHION SHINE: ✔ Verniz de proteção de alta durabilidade (brilho prolongado). ✔ Design moderno, leve e sofisticado. ✔ Acabamento artesanal com rigoroso controle de qualidade. ✔ Excelente opção para presentear alguém especial. DICAS DE CONSERVAÇÃO: - Evite contato direto com perfumes, cremes e produtos químicos. - Retire suas peças antes de tomar banho de mar ou piscina. - Guarde individualmente em local seco e protegido da luz. Garantia de satisfação e envio imediato com nota fiscal."
"FS-COLARE_PRATA_LARGO_04";"Colare Prata Largo Feminino Banhado Ouro 18k Ref 04";"40";"1";"Colares";"http://http2.mlstatic.com/D_NQ_NP_868507-MLB115352991753_072026-F.jpg";"MLB4972156625";"Colare Prata Largo Feminino Banhado Ouro 18k Ref 04 - Fashion Shine Semijoia fina de altíssima qualidade com banho nobre antialérgico, desenvolvida para realçar a beleza e elegância feminina em qualquer ocasião. FICHA TÉCNICA: - Marca: Fashion Shine - Categoria: Colares - Banho: Ouro 18k / Ródio Nobre Hipoalergênico (Livre de Níquel) - Código SKU: FS-COLARE_PRATA_LARGO_04 - Preço: R$ 40,00 - Condição: Produto Novo e Embalado - Estoque: Pronta Entrega (1 unidade) DIFERENCIAIS DA MARCA FASHION SHINE: ✔ Verniz de proteção de alta durabilidade (brilho prolongado). ✔ Design moderno, leve e sofisticado. ✔ Acabamento artesanal com rigoroso controle de qualidade. ✔ Excelente opção para presentear alguém especial. DICAS DE CONSERVAÇÃO: - Evite contato direto com perfumes, cremes e produtos químicos. - Retire suas peças antes de tomar banho de mar ou piscina. - Guarde individualmente em local seco e protegido da luz. Garantia de satisfação e envio imediato com nota fiscal."
"FS-COLARE_PRATA_LARGO_05";"Colare Prata Largo Feminino Banhado Ouro 18k Ref 05";"40";"1";"Colares";"http://http2.mlstatic.com/D_NQ_NP_981423-MLB115353344603_072026-F.jpg";"MLB4972143915";"Colare Prata Largo Feminino Banhado Ouro 18k Ref 05 - Fashion Shine 📷 ANÚNCIO COM GALERIA COMPLETA: Inclui 2 fotos em alta resolução mostrando diferentes ângulos e detalhes reais da peça. Semijoia fina de altíssima qualidade com banho nobre antialérgico, desenvolvida para realçar a beleza e elegância feminina em qualquer ocasião. FICHA TÉCNICA: - Marca: Fashion Shine - Categoria: Colares - Banho: Ouro 18k / Ródio Nobre Hipoalergênico (Livre de Níquel) - Código SKU: FS-COLARE_PRATA_LARGO_05 - Preço: R$ 40,00 - Condição: Produto Novo e Embalado - Estoque: Pronta Entrega (1 unidade) DIFERENCIAIS DA MARCA FASHION SHINE: ✔ Verniz de proteção de alta durabilidade (brilho prolongado). ✔ Design moderno, leve e sofisticado. ✔ Acabamento artesanal com rigoroso controle de qualidade. ✔ Excelente opção para presentear alguém especial. DICAS DE CONSERVAÇÃO: - Evite contato direto com perfumes, cremes e produtos químicos. - Retire suas peças antes de tomar banho de mar ou piscina. - Guarde individualmente em local seco e protegido da luz. Garantia de satisfação e envio imediato com nota fiscal."
"FS-COLARE_PRATA_LARGO_06";"Colare Prata Largo Feminino Banhado Ouro 18k Ref 06";"40";"1";"Colares";"http://http2.mlstatic.com/D_NQ_NP_863141-MLB115353108505_072026-F.jpg";"MLB4972131197";"Colare Prata Largo Feminino Banhado Ouro 18k Ref 06 - Fashion Shine 📷 ANÚNCIO COM GALERIA COMPLETA: Inclui 2 fotos em alta resolução mostrando diferentes ângulos e detalhes reais da peça. Semijoia fina de altíssima qualidade com banho nobre antialérgico, desenvolvida para realçar a beleza e elegância feminina em qualquer ocasião. FICHA TÉCNICA: - Marca: Fashion Shine - Categoria: Colares - Banho: Ouro 18k / Ródio Nobre Hipoalergênico (Livre de Níquel) - Código SKU: FS-COLARE_PRATA_LARGO_06 - Preço: R$ 40,00 - Condição: Produto Novo e Embalado - Estoque: Pronta Entrega (1 unidade) DIFERENCIAIS DA MARCA FASHION SHINE: ✔ Verniz de proteção de alta durabilidade (brilho prolongado). ✔ Design moderno, leve e sofisticado. ✔ Acabamento artesanal com rigoroso controle de qualidade. ✔ Excelente opção para presentear alguém especial. DICAS DE CONSERVAÇÃO: - Evite contato direto com perfumes, cremes e produtos químicos. - Retire suas peças antes de tomar banho de mar ou piscina. - Guarde individualmente em local seco e protegido da luz. Garantia de satisfação e envio imediato com nota fiscal."
"FS-COLARE_PRATA_LARGO_07";"Colare Prata Largo Feminino Banhado Ouro 18k Ref 07";"40";"1";"Colares";"http://http2.mlstatic.com/D_NQ_NP_696447-MLB115352933291_072026-F.jpg";"MLB4972143989";"Colare Prata Largo Feminino Banhado Ouro 18k Ref 07 - Fashion Shine Semijoia fina de altíssima qualidade com banho nobre antialérgico, desenvolvida para realçar a beleza e elegância feminina em qualquer ocasião. FICHA TÉCNICA: - Marca: Fashion Shine - Categoria: Colares - Banho: Ouro 18k / Ródio Nobre Hipoalergênico (Livre de Níquel) - Código SKU: FS-COLARE_PRATA_LARGO_07 - Preço: R$ 40,00 - Condição: Produto Novo e Embalado - Estoque: Pronta Entrega (1 unidade) DIFERENCIAIS DA MARCA FASHION SHINE: ✔ Verniz de proteção de alta durabilidade (brilho prolongado). ✔ Design moderno, leve e sofisticado. ✔ Acabamento artesanal com rigoroso controle de qualidade. ✔ Excelente opção para presentear alguém especial. DICAS DE CONSERVAÇÃO: - Evite contato direto com perfumes, cremes e produtos químicos. - Retire suas peças antes de tomar banho de mar ou piscina. - Guarde individualmente em local seco e protegido da luz. Garantia de satisfação e envio imediato com nota fiscal."
"FS-COLARE_PRATA_LONGO_01";"Colare Prata Longo Feminino Banhado Ouro 18k Ref 01";"40";"1";"Colares";"http://http2.mlstatic.com/D_NQ_NP_994988-MLB115353050047_072026-F.jpg";"MLB4972144045";"Colare Prata Longo Feminino Banhado Ouro 18k Ref 01 - Fashion Shine Semijoia fina de altíssima qualidade com banho nobre antialérgico, desenvolvida para realçar a beleza e elegância feminina em qualquer ocasião. FICHA TÉCNICA: - Marca: Fashion Shine - Categoria: Colares - Banho: Ouro 18k / Ródio Nobre Hipoalergênico (Livre de Níquel) - Código SKU: FS-COLARE_PRATA_LONGO_01 - Preço: R$ 40,00 - Condição: Produto Novo e Embalado - Estoque: Pronta Entrega (1 unidade) DIFERENCIAIS DA MARCA FASHION SHINE: ✔ Verniz de proteção de alta durabilidade (brilho prolongado). ✔ Design moderno, leve e sofisticado. ✔ Acabamento artesanal com rigoroso controle de qualidade. ✔ Excelente opção para presentear alguém especial. DICAS DE CONSERVAÇÃO: - Evite contato direto com perfumes, cremes e produtos químicos. - Retire suas peças antes de tomar banho de mar ou piscina. - Guarde individualmente em local seco e protegido da luz. Garantia de satisfação e envio imediato com nota fiscal."
"FS-COLARE_PRATA_LONGO_02";"Colare Prata Longo Feminino Banhado Ouro 18k Ref 02";"40";"1";"Colares";"http://http2.mlstatic.com/D_NQ_NP_684852-MLB115353108689_072026-F.jpg";"MLB4972144079";"Colare Prata Longo Feminino Banhado Ouro 18k Ref 02 - Fashion Shine Semijoia fina de altíssima qualidade com banho nobre antialérgico, desenvolvida para realçar a beleza e elegância feminina em qualquer ocasião. FICHA TÉCNICA: - Marca: Fashion Shine - Categoria: Colares - Banho: Ouro 18k / Ródio Nobre Hipoalergênico (Livre de Níquel) - Código SKU: FS-COLARE_PRATA_LONGO_02 - Preço: R$ 40,00 - Condição: Produto Novo e Embalado - Estoque: Pronta Entrega (1 unidade) DIFERENCIAIS DA MARCA FASHION SHINE: ✔ Verniz de proteção de alta durabilidade (brilho prolongado). ✔ Design moderno, leve e sofisticado. ✔ Acabamento artesanal com rigoroso controle de qualidade. ✔ Excelente opção para presentear alguém especial. DICAS DE CONSERVAÇÃO: - Evite contato direto com perfumes, cremes e produtos químicos. - Retire suas peças antes de tomar banho de mar ou piscina. - Guarde individualmente em local seco e protegido da luz. Garantia de satisfação e envio imediato com nota fiscal."
"FS-COLARE_PRATA_LONGO_03";"Colare Prata Longo Feminino Banhado Ouro 18k Ref 03";"40";"1";"Colares";"http://http2.mlstatic.com/D_NQ_NP_868036-MLB115353167411_072026-F.jpg";"MLB4972131365";"Colare Prata Longo Feminino Banhado Ouro 18k Ref 03 - Fashion Shine 📷 ANÚNCIO COM GALERIA COMPLETA: Inclui 4 fotos em alta resolução mostrando diferentes ângulos e detalhes reais da peça. Semijoia fina de altíssima qualidade com banho nobre antialérgico, desenvolvida para realçar a beleza e elegância feminina em qualquer ocasião. FICHA TÉCNICA: - Marca: Fashion Shine - Categoria: Colares - Banho: Ouro 18k / Ródio Nobre Hipoalergênico (Livre de Níquel) - Código SKU: FS-COLARE_PRATA_LONGO_03 - Preço: R$ 40,00 - Condição: Produto Novo e Embalado - Estoque: Pronta Entrega (1 unidade) DIFERENCIAIS DA MARCA FASHION SHINE: ✔ Verniz de proteção de alta durabilidade (brilho prolongado). ✔ Design moderno, leve e sofisticado. ✔ Acabamento artesanal com rigoroso controle de qualidade. ✔ Excelente opção para presentear alguém especial. DICAS DE CONSERVAÇÃO: - Evite contato direto com perfumes, cremes e produtos químicos. - Retire suas peças antes de tomar banho de mar ou piscina. - Guarde individualmente em local seco e protegido da luz. Garantia de satisfação e envio imediato com nota fiscal."
"FS-COLARE_PRATA_LONGO_04";"Colare Prata Longo Feminino Banhado Ouro 18k Ref 04";"40";"1";"Colares";"http://http2.mlstatic.com/D_NQ_NP_661167-MLB115352933539_072026-F.jpg";"MLB4972131411";"Colare Prata Longo Feminino Banhado Ouro 18k Ref 04 - Fashion Shine Semijoia fina de altíssima qualidade com banho nobre antialérgico, desenvolvida para realçar a beleza e elegância feminina em qualquer ocasião. FICHA TÉCNICA: - Marca: Fashion Shine - Categoria: Colares - Banho: Ouro 18k / Ródio Nobre Hipoalergênico (Livre de Níquel) - Código SKU: FS-COLARE_PRATA_LONGO_04 - Preço: R$ 40,00 - Condição: Produto Novo e Embalado - Estoque: Pronta Entrega (1 unidade) DIFERENCIAIS DA MARCA FASHION SHINE: ✔ Verniz de proteção de alta durabilidade (brilho prolongado). ✔ Design moderno, leve e sofisticado. ✔ Acabamento artesanal com rigoroso controle de qualidade. ✔ Excelente opção para presentear alguém especial. DICAS DE CONSERVAÇÃO: - Evite contato direto com perfumes, cremes e produtos químicos. - Retire suas peças antes de tomar banho de mar ou piscina. - Guarde individualmente em local seco e protegido da luz. Garantia de satisfação e envio imediato com nota fiscal."
"FS-COLARE_PRATA_LONGO_05";"Colare Prata Longo Feminino Banhado Ouro 18k Ref 05";"40";"1";"Colares";"http://http2.mlstatic.com/D_NQ_NP_984855-MLB115353050355_072026-F.jpg";"MLB4972156987";"Colare Prata Longo Feminino Banhado Ouro 18k Ref 05 - Fashion Shine 📷 ANÚNCIO COM GALERIA COMPLETA: Inclui 4 fotos em alta resolução mostrando diferentes ângulos e detalhes reais da peça. Semijoia fina de altíssima qualidade com banho nobre antialérgico, desenvolvida para realçar a beleza e elegância feminina em qualquer ocasião. FICHA TÉCNICA: - Marca: Fashion Shine - Categoria: Colares - Banho: Ouro 18k / Ródio Nobre Hipoalergênico (Livre de Níquel) - Código SKU: FS-COLARE_PRATA_LONGO_05 - Preço: R$ 40,00 - Condição: Produto Novo e Embalado - Estoque: Pronta Entrega (1 unidade) DIFERENCIAIS DA MARCA FASHION SHINE: ✔ Verniz de proteção de alta durabilidade (brilho prolongado). ✔ Design moderno, leve e sofisticado. ✔ Acabamento artesanal com rigoroso controle de qualidade. ✔ Excelente opção para presentear alguém especial. DICAS DE CONSERVAÇÃO: - Evite contato direto com perfumes, cremes e produtos químicos. - Retire suas peças antes de tomar banho de mar ou piscina. - Guarde individualmente em local seco e protegido da luz. Garantia de satisfação e envio imediato com nota fiscal."
"FS-COLARE_PRATA_LONGO_06";"Colare Prata Longo Feminino Banhado Ouro 18k Ref 06";"40";"1";"Colares";"http://http2.mlstatic.com/D_NQ_NP_750638-MLB115353656183_072026-F.jpg";"MLB4972157031";"Colare Prata Longo Feminino Banhado Ouro 18k Ref 06 - Fashion Shine Semijoia fina de altíssima qualidade com banho nobre antialérgico, desenvolvida para realçar a beleza e elegância feminina em qualquer ocasião. FICHA TÉCNICA: - Marca: Fashion Shine - Categoria: Colares - Banho: Ouro 18k / Ródio Nobre Hipoalergênico (Livre de Níquel) - Código SKU: FS-COLARE_PRATA_LONGO_06 - Preço: R$ 40,00 - Condição: Produto Novo e Embalado - Estoque: Pronta Entrega (1 unidade) DIFERENCIAIS DA MARCA FASHION SHINE: ✔ Verniz de proteção de alta durabilidade (brilho prolongado). ✔ Design moderno, leve e sofisticado. ✔ Acabamento artesanal com rigoroso controle de qualidade. ✔ Excelente opção para presentear alguém especial. DICAS DE CONSERVAÇÃO: - Evite contato direto com perfumes, cremes e produtos químicos. - Retire suas peças antes de tomar banho de mar ou piscina. - Guarde individualmente em local seco e protegido da luz. Garantia de satisfação e envio imediato com nota fiscal."
"FS-COLARE_PRATA_LONGO_07";"Colare Prata Longo Feminino Banhado Ouro 18k Ref 07";"40";"1";"Colares";"http://http2.mlstatic.com/D_NQ_NP_841469-MLB115353167697_072026-F.jpg";"MLB4972144287";"Colare Prata Longo Feminino Banhado Ouro 18k Ref 07 - Fashion Shine Semijoia fina de altíssima qualidade com banho nobre antialérgico, desenvolvida para realçar a beleza e elegância feminina em qualquer ocasião. FICHA TÉCNICA: - Marca: Fashion Shine - Categoria: Colares - Banho: Ouro 18k / Ródio Nobre Hipoalergênico (Livre de Níquel) - Código SKU: FS-COLARE_PRATA_LONGO_07 - Preço: R$ 40,00 - Condição: Produto Novo e Embalado - Estoque: Pronta Entrega (1 unidade) DIFERENCIAIS DA MARCA FASHION SHINE: ✔ Verniz de proteção de alta durabilidade (brilho prolongado). ✔ Design moderno, leve e sofisticado. ✔ Acabamento artesanal com rigoroso controle de qualidade. ✔ Excelente opção para presentear alguém especial. DICAS DE CONSERVAÇÃO: - Evite contato direto com perfumes, cremes e produtos químicos. - Retire suas peças antes de tomar banho de mar ou piscina. - Guarde individualmente em local seco e protegido da luz. Garantia de satisfação e envio imediato com nota fiscal."
"FS-COLARE_PRATA_LONGO_08";"Colare Prata Longo Feminino Banhado Ouro 18k Ref 08";"40";"1";"Colares";"http://http2.mlstatic.com/D_NQ_NP_789426-MLB115353374707_072026-F.jpg";"MLB4972144321";"Colare Prata Longo Feminino Banhado Ouro 18k Ref 08 - Fashion Shine Semijoia fina de altíssima qualidade com banho nobre antialérgico, desenvolvida para realçar a beleza e elegância feminina em qualquer ocasião. FICHA TÉCNICA: - Marca: Fashion Shine - Categoria: Colares - Banho: Ouro 18k / Ródio Nobre Hipoalergênico (Livre de Níquel) - Código SKU: FS-COLARE_PRATA_LONGO_08 - Preço: R$ 40,00 - Condição: Produto Novo e Embalado - Estoque: Pronta Entrega (1 unidade) DIFERENCIAIS DA MARCA FASHION SHINE: ✔ Verniz de proteção de alta durabilidade (brilho prolongado). ✔ Design moderno, leve e sofisticado. ✔ Acabamento artesanal com rigoroso controle de qualidade. ✔ Excelente opção para presentear alguém especial. DICAS DE CONSERVAÇÃO: - Evite contato direto com perfumes, cremes e produtos químicos. - Retire suas peças antes de tomar banho de mar ou piscina. - Guarde individualmente em local seco e protegido da luz. Garantia de satisfação e envio imediato com nota fiscal."
"FS-COLARE_PRATA_LONGO_09";"Colare Prata Longo Feminino Banhado Ouro 18k Ref 09";"40";"1";"Colares";"http://http2.mlstatic.com/D_NQ_NP_793360-MLB115353374769_072026-F.jpg";"MLB4972131619";"Colare Prata Longo Feminino Banhado Ouro 18k Ref 09 - Fashion Shine 📷 ANÚNCIO COM GALERIA COMPLETA: Inclui 2 fotos em alta resolução mostrando diferentes ângulos e detalhes reais da peça. Semijoia fina de altíssima qualidade com banho nobre antialérgico, desenvolvida para realçar a beleza e elegância feminina em qualquer ocasião. FICHA TÉCNICA: - Marca: Fashion Shine - Categoria: Colares - Banho: Ouro 18k / Ródio Nobre Hipoalergênico (Livre de Níquel) - Código SKU: FS-COLARE_PRATA_LONGO_09 - Preço: R$ 40,00 - Condição: Produto Novo e Embalado - Estoque: Pronta Entrega (1 unidade) DIFERENCIAIS DA MARCA FASHION SHINE: ✔ Verniz de proteção de alta durabilidade (brilho prolongado). ✔ Design moderno, leve e sofisticado. ✔ Acabamento artesanal com rigoroso controle de qualidade. ✔ Excelente opção para presentear alguém especial. DICAS DE CONSERVAÇÃO: - Evite contato direto com perfumes, cremes e produtos químicos. - Retire suas peças antes de tomar banho de mar ou piscina. - Guarde individualmente em local seco e protegido da luz. Garantia de satisfação e envio imediato com nota fiscal."
"FS-COLARE_PRATA_LONGO_10";"Colare Prata Longo Feminino Banhado Ouro 18k Ref 10";"40";"1";"Colares";"http://http2.mlstatic.com/D_NQ_NP_726913-MLB114033494970_072026-F.jpg";"MLB4972131655";"Colare Prata Longo Feminino Banhado Ouro 18k Ref 10 - Fashion Shine 📷 ANÚNCIO COM GALERIA COMPLETA: Inclui 2 fotos em alta resolução mostrando diferentes ângulos e detalhes reais da peça. Semijoia fina de altíssima qualidade com banho nobre antialérgico, desenvolvida para realçar a beleza e elegância feminina em qualquer ocasião. FICHA TÉCNICA: - Marca: Fashion Shine - Categoria: Colares - Banho: Ouro 18k / Ródio Nobre Hipoalergênico (Livre de Níquel) - Código SKU: FS-COLARE_PRATA_LONGO_10 - Preço: R$ 40,00 - Condição: Produto Novo e Embalado - Estoque: Pronta Entrega (1 unidade) DIFERENCIAIS DA MARCA FASHION SHINE: ✔ Verniz de proteção de alta durabilidade (brilho prolongado). ✔ Design moderno, leve e sofisticado. ✔ Acabamento artesanal com rigoroso controle de qualidade. ✔ Excelente opção para presentear alguém especial. DICAS DE CONSERVAÇÃO: - Evite contato direto com perfumes, cremes e produtos químicos. - Retire suas peças antes de tomar banho de mar ou piscina. - Guarde individualmente em local seco e protegido da luz. Garantia de satisfação e envio imediato com nota fiscal."
"FS-COLARE_PRATA_LONGO_11";"Colare Prata Longo Feminino Banhado Ouro 18k Ref 11";"40";"1";"Colares";"http://http2.mlstatic.com/D_NQ_NP_876141-MLB115353021713_072026-F.jpg";"MLB4972157239";"Colare Prata Longo Feminino Banhado Ouro 18k Ref 11 - Fashion Shine 📷 ANÚNCIO COM GALERIA COMPLETA: Inclui 2 fotos em alta resolução mostrando diferentes ângulos e detalhes reais da peça. Semijoia fina de altíssima qualidade com banho nobre antialérgico, desenvolvida para realçar a beleza e elegância feminina em qualquer ocasião. FICHA TÉCNICA: - Marca: Fashion Shine - Categoria: Colares - Banho: Ouro 18k / Ródio Nobre Hipoalergênico (Livre de Níquel) - Código SKU: FS-COLARE_PRATA_LONGO_11 - Preço: R$ 40,00 - Condição: Produto Novo e Embalado - Estoque: Pronta Entrega (1 unidade) DIFERENCIAIS DA MARCA FASHION SHINE: ✔ Verniz de proteção de alta durabilidade (brilho prolongado). ✔ Design moderno, leve e sofisticado. ✔ Acabamento artesanal com rigoroso controle de qualidade. ✔ Excelente opção para presentear alguém especial. DICAS DE CONSERVAÇÃO: - Evite contato direto com perfumes, cremes e produtos químicos. - Retire suas peças antes de tomar banho de mar ou piscina. - Guarde individualmente em local seco e protegido da luz. Garantia de satisfação e envio imediato com nota fiscal."
"FS-COLARE_PRETO_COMPACTO_01";"Colare Preto Compacto Feminino Banhado Ouro 18k Ref 01";"40";"1";"Colares";"http://http2.mlstatic.com/D_NQ_NP_625630-MLB115353167987_072026-F.jpg";"MLB4972157275";"Colare Preto Compacto Feminino Banhado Ouro 18k Ref 01 - Fashion Shine Semijoia fina de altíssima qualidade com banho nobre antialérgico, desenvolvida para realçar a beleza e elegância feminina em qualquer ocasião. FICHA TÉCNICA: - Marca: Fashion Shine - Categoria: Colares - Banho: Ouro 18k / Ródio Nobre Hipoalergênico (Livre de Níquel) - Código SKU: FS-COLARE_PRETO_COMPACTO_01 - Preço: R$ 40,00 - Condição: Produto Novo e Embalado - Estoque: Pronta Entrega (1 unidade) DIFERENCIAIS DA MARCA FASHION SHINE: ✔ Verniz de proteção de alta durabilidade (brilho prolongado). ✔ Design moderno, leve e sofisticado. ✔ Acabamento artesanal com rigoroso controle de qualidade. ✔ Excelente opção para presentear alguém especial. DICAS DE CONSERVAÇÃO: - Evite contato direto com perfumes, cremes e produtos químicos. - Retire suas peças antes de tomar banho de mar ou piscina. - Guarde individualmente em local seco e protegido da luz. Garantia de satisfação e envio imediato com nota fiscal."
"FS-COLARE_PRETO_COMPACTO_02";"Colare Preto Compacto Feminino Banhado Ouro 18k Ref 02";"40";"1";"Colares";"http://http2.mlstatic.com/D_NQ_NP_640709-MLB115353050773_072026-F.jpg";"MLB4972157297";"Colare Preto Compacto Feminino Banhado Ouro 18k Ref 02 - Fashion Shine Semijoia fina de altíssima qualidade com banho nobre antialérgico, desenvolvida para realçar a beleza e elegância feminina em qualquer ocasião. FICHA TÉCNICA: - Marca: Fashion Shine - Categoria: Colares - Banho: Ouro 18k / Ródio Nobre Hipoalergênico (Livre de Níquel) - Código SKU: FS-COLARE_PRETO_COMPACTO_02 - Preço: R$ 40,00 - Condição: Produto Novo e Embalado - Estoque: Pronta Entrega (1 unidade) DIFERENCIAIS DA MARCA FASHION SHINE: ✔ Verniz de proteção de alta durabilidade (brilho prolongado). ✔ Design moderno, leve e sofisticado. ✔ Acabamento artesanal com rigoroso controle de qualidade. ✔ Excelente opção para presentear alguém especial. DICAS DE CONSERVAÇÃO: - Evite contato direto com perfumes, cremes e produtos químicos. - Retire suas peças antes de tomar banho de mar ou piscina. - Guarde individualmente em local seco e protegido da luz. Garantia de satisfação e envio imediato com nota fiscal."
"FS-COLARE_PRETO_COMPACTO_03";"Colare Preto Compacto Feminino Banhado Ouro 18k Ref 03";"40";"1";"Colares";"http://http2.mlstatic.com/D_NQ_NP_858800-MLB115353256355_072026-F.jpg";"MLB4972131827";"Colare Preto Compacto Feminino Banhado Ouro 18k Ref 03 - Fashion Shine Semijoia fina de altíssima qualidade com banho nobre antialérgico, desenvolvida para realçar a beleza e elegância feminina em qualquer ocasião. FICHA TÉCNICA: - Marca: Fashion Shine - Categoria: Colares - Banho: Ouro 18k / Ródio Nobre Hipoalergênico (Livre de Níquel) - Código SKU: FS-COLARE_PRETO_COMPACTO_03 - Preço: R$ 40,00 - Condição: Produto Novo e Embalado - Estoque: Pronta Entrega (1 unidade) DIFERENCIAIS DA MARCA FASHION SHINE: ✔ Verniz de proteção de alta durabilidade (brilho prolongado). ✔ Design moderno, leve e sofisticado. ✔ Acabamento artesanal com rigoroso controle de qualidade. ✔ Excelente opção para presentear alguém especial. DICAS DE CONSERVAÇÃO: - Evite contato direto com perfumes, cremes e produtos químicos. - Retire suas peças antes de tomar banho de mar ou piscina. - Guarde individualmente em local seco e protegido da luz. Garantia de satisfação e envio imediato com nota fiscal."
"FS-COLARE_PRETO_COMPACTO_04";"Colare Preto Compacto Feminino Banhado Ouro 18k Ref 04";"40";"1";"Colares";"http://http2.mlstatic.com/D_NQ_NP_779677-MLB115353109429_072026-F.jpg";"MLB4972157373";"Colare Preto Compacto Feminino Banhado Ouro 18k Ref 04 - Fashion Shine 📷 ANÚNCIO COM GALERIA COMPLETA: Inclui 2 fotos em alta resolução mostrando diferentes ângulos e detalhes reais da peça. Semijoia fina de altíssima qualidade com banho nobre antialérgico, desenvolvida para realçar a beleza e elegância feminina em qualquer ocasião. FICHA TÉCNICA: - Marca: Fashion Shine - Categoria: Colares - Banho: Ouro 18k / Ródio Nobre Hipoalergênico (Livre de Níquel) - Código SKU: FS-COLARE_PRETO_COMPACTO_04 - Preço: R$ 40,00 - Condição: Produto Novo e Embalado - Estoque: Pronta Entrega (1 unidade) DIFERENCIAIS DA MARCA FASHION SHINE: ✔ Verniz de proteção de alta durabilidade (brilho prolongado). ✔ Design moderno, leve e sofisticado. ✔ Acabamento artesanal com rigoroso controle de qualidade. ✔ Excelente opção para presentear alguém especial. DICAS DE CONSERVAÇÃO: - Evite contato direto com perfumes, cremes e produtos químicos. - Retire suas peças antes de tomar banho de mar ou piscina. - Guarde individualmente em local seco e protegido da luz. Garantia de satisfação e envio imediato com nota fiscal."
"FS-COLARE_PRETO_COMPACTO_05";"Colare Preto Compacto Feminino Banhado Ouro 18k Ref 05";"40";"1";"Colares";"http://http2.mlstatic.com/D_NQ_NP_842241-MLB115352993005_072026-F.jpg";"MLB4972157421";"Colare Preto Compacto Feminino Banhado Ouro 18k Ref 05 - Fashion Shine 📷 ANÚNCIO COM GALERIA COMPLETA: Inclui 3 fotos em alta resolução mostrando diferentes ângulos e detalhes reais da peça. Semijoia fina de altíssima qualidade com banho nobre antialérgico, desenvolvida para realçar a beleza e elegância feminina em qualquer ocasião. FICHA TÉCNICA: - Marca: Fashion Shine - Categoria: Colares - Banho: Ouro 18k / Ródio Nobre Hipoalergênico (Livre de Níquel) - Código SKU: FS-COLARE_PRETO_COMPACTO_05 - Preço: R$ 40,00 - Condição: Produto Novo e Embalado - Estoque: Pronta Entrega (1 unidade) DIFERENCIAIS DA MARCA FASHION SHINE: ✔ Verniz de proteção de alta durabilidade (brilho prolongado). ✔ Design moderno, leve e sofisticado. ✔ Acabamento artesanal com rigoroso controle de qualidade. ✔ Excelente opção para presentear alguém especial. DICAS DE CONSERVAÇÃO: - Evite contato direto com perfumes, cremes e produtos químicos. - Retire suas peças antes de tomar banho de mar ou piscina. - Guarde individualmente em local seco e protegido da luz. Garantia de satisfação e envio imediato com nota fiscal."
"FS-COLARE_PRETO_COMPACTO_06";"Colare Preto Compacto Feminino Banhado Ouro 18k Ref 06";"40";"1";"Colares";"http://http2.mlstatic.com/D_NQ_NP_924744-MLB115352934343_072026-F.jpg";"MLB4972157443";"Colare Preto Compacto Feminino Banhado Ouro 18k Ref 06 - Fashion Shine Semijoia fina de altíssima qualidade com banho nobre antialérgico, desenvolvida para realçar a beleza e elegância feminina em qualquer ocasião. FICHA TÉCNICA: - Marca: Fashion Shine - Categoria: Colares - Banho: Ouro 18k / Ródio Nobre Hipoalergênico (Livre de Níquel) - Código SKU: FS-COLARE_PRETO_COMPACTO_06 - Preço: R$ 40,00 - Condição: Produto Novo e Embalado - Estoque: Pronta Entrega (1 unidade) DIFERENCIAIS DA MARCA FASHION SHINE: ✔ Verniz de proteção de alta durabilidade (brilho prolongado). ✔ Design moderno, leve e sofisticado. ✔ Acabamento artesanal com rigoroso controle de qualidade. ✔ Excelente opção para presentear alguém especial. DICAS DE CONSERVAÇÃO: - Evite contato direto com perfumes, cremes e produtos químicos. - Retire suas peças antes de tomar banho de mar ou piscina. - Guarde individualmente em local seco e protegido da luz. Garantia de satisfação e envio imediato com nota fiscal."
"FS-COLARE_PRETO_COMPACTO_07";"Colare Preto Compacto Feminino Banhado Ouro 18k Ref 07";"40";"1";"Colares";"http://http2.mlstatic.com/D_NQ_NP_723439-MLB115353109581_072026-F.jpg";"MLB4972131985";"Colare Preto Compacto Feminino Banhado Ouro 18k Ref 07 - Fashion Shine Semijoia fina de altíssima qualidade com banho nobre antialérgico, desenvolvida para realçar a beleza e elegância feminina em qualquer ocasião. FICHA TÉCNICA: - Marca: Fashion Shine - Categoria: Colares - Banho: Ouro 18k / Ródio Nobre Hipoalergênico (Livre de Níquel) - Código SKU: FS-COLARE_PRETO_COMPACTO_07 - Preço: R$ 40,00 - Condição: Produto Novo e Embalado - Estoque: Pronta Entrega (1 unidade) DIFERENCIAIS DA MARCA FASHION SHINE: ✔ Verniz de proteção de alta durabilidade (brilho prolongado). ✔ Design moderno, leve e sofisticado. ✔ Acabamento artesanal com rigoroso controle de qualidade. ✔ Excelente opção para presentear alguém especial. DICAS DE CONSERVAÇÃO: - Evite contato direto com perfumes, cremes e produtos químicos. - Retire suas peças antes de tomar banho de mar ou piscina. - Guarde individualmente em local seco e protegido da luz. Garantia de satisfação e envio imediato com nota fiscal."
"FS-COLARE_PRETO_COMPACTO_08";"Colare Preto Compacto Feminino Banhado Ouro 18k Ref 08";"40";"1";"Colares";"http://http2.mlstatic.com/D_NQ_NP_773403-MLB115353109635_072026-F.jpg";"MLB4972157543";"Colare Preto Compacto Feminino Banhado Ouro 18k Ref 08 - Fashion Shine 📷 ANÚNCIO COM GALERIA COMPLETA: Inclui 2 fotos em alta resolução mostrando diferentes ângulos e detalhes reais da peça. Semijoia fina de altíssima qualidade com banho nobre antialérgico, desenvolvida para realçar a beleza e elegância feminina em qualquer ocasião. FICHA TÉCNICA: - Marca: Fashion Shine - Categoria: Colares - Banho: Ouro 18k / Ródio Nobre Hipoalergênico (Livre de Níquel) - Código SKU: FS-COLARE_PRETO_COMPACTO_08 - Preço: R$ 40,00 - Condição: Produto Novo e Embalado - Estoque: Pronta Entrega (1 unidade) DIFERENCIAIS DA MARCA FASHION SHINE: ✔ Verniz de proteção de alta durabilidade (brilho prolongado). ✔ Design moderno, leve e sofisticado. ✔ Acabamento artesanal com rigoroso controle de qualidade. ✔ Excelente opção para presentear alguém especial. DICAS DE CONSERVAÇÃO: - Evite contato direto com perfumes, cremes e produtos químicos. - Retire suas peças antes de tomar banho de mar ou piscina. - Guarde individualmente em local seco e protegido da luz. Garantia de satisfação e envio imediato com nota fiscal."
"FS-COLARE_PRETO_LARGO_01";"Colare Preto Largo Feminino Banhado Ouro 18k Ref 01";"40";"1";"Colares";"http://http2.mlstatic.com/D_NQ_NP_908525-MLB115353656961_072026-F.jpg";"MLB4972132125";"Colare Preto Largo Feminino Banhado Ouro 18k Ref 01 - Fashion Shine 📷 ANÚNCIO COM GALERIA COMPLETA: Inclui 3 fotos em alta resolução mostrando diferentes ângulos e detalhes reais da peça. Semijoia fina de altíssima qualidade com banho nobre antialérgico, desenvolvida para realçar a beleza e elegância feminina em qualquer ocasião. FICHA TÉCNICA: - Marca: Fashion Shine - Categoria: Colares - Banho: Ouro 18k / Ródio Nobre Hipoalergênico (Livre de Níquel) - Código SKU: FS-COLARE_PRETO_LARGO_01 - Preço: R$ 40,00 - Condição: Produto Novo e Embalado - Estoque: Pronta Entrega (1 unidade) DIFERENCIAIS DA MARCA FASHION SHINE: ✔ Verniz de proteção de alta durabilidade (brilho prolongado). ✔ Design moderno, leve e sofisticado. ✔ Acabamento artesanal com rigoroso controle de qualidade. ✔ Excelente opção para presentear alguém especial. DICAS DE CONSERVAÇÃO: - Evite contato direto com perfumes, cremes e produtos químicos. - Retire suas peças antes de tomar banho de mar ou piscina. - Guarde individualmente em local seco e protegido da luz. Garantia de satisfação e envio imediato com nota fiscal."
"FS-COLARE_PRETO_LARGO_02";"Colare Preto Largo Feminino Banhado Ouro 18k Ref 02";"40";"1";"Colares";"http://http2.mlstatic.com/D_NQ_NP_906029-MLB115353168561_072026-F.jpg";"MLB4972144913";"Colare Preto Largo Feminino Banhado Ouro 18k Ref 02 - Fashion Shine Semijoia fina de altíssima qualidade com banho nobre antialérgico, desenvolvida para realçar a beleza e elegância feminina em qualquer ocasião. FICHA TÉCNICA: - Marca: Fashion Shine - Categoria: Colares - Banho: Ouro 18k / Ródio Nobre Hipoalergênico (Livre de Níquel) - Código SKU: FS-COLARE_PRETO_LARGO_02 - Preço: R$ 40,00 - Condição: Produto Novo e Embalado - Estoque: Pronta Entrega (1 unidade) DIFERENCIAIS DA MARCA FASHION SHINE: ✔ Verniz de proteção de alta durabilidade (brilho prolongado). ✔ Design moderno, leve e sofisticado. ✔ Acabamento artesanal com rigoroso controle de qualidade. ✔ Excelente opção para presentear alguém especial. DICAS DE CONSERVAÇÃO: - Evite contato direto com perfumes, cremes e produtos químicos. - Retire suas peças antes de tomar banho de mar ou piscina. - Guarde individualmente em local seco e protegido da luz. Garantia de satisfação e envio imediato com nota fiscal."
"FS-COLARE_PRETO_LARGO_03";"Colare Preto Largo Feminino Banhado Ouro 18k Ref 03";"40";"1";"Colares";"http://http2.mlstatic.com/D_NQ_NP_623388-MLB115353490023_072026-F.jpg";"MLB4972132237";"Colare Preto Largo Feminino Banhado Ouro 18k Ref 03 - Fashion Shine Semijoia fina de altíssima qualidade com banho nobre antialérgico, desenvolvida para realçar a beleza e elegância feminina em qualquer ocasião. FICHA TÉCNICA: - Marca: Fashion Shine - Categoria: Colares - Banho: Ouro 18k / Ródio Nobre Hipoalergênico (Livre de Níquel) - Código SKU: FS-COLARE_PRETO_LARGO_03 - Preço: R$ 40,00 - Condição: Produto Novo e Embalado - Estoque: Pronta Entrega (1 unidade) DIFERENCIAIS DA MARCA FASHION SHINE: ✔ Verniz de proteção de alta durabilidade (brilho prolongado). ✔ Design moderno, leve e sofisticado. ✔ Acabamento artesanal com rigoroso controle de qualidade. ✔ Excelente opção para presentear alguém especial. DICAS DE CONSERVAÇÃO: - Evite contato direto com perfumes, cremes e produtos químicos. - Retire suas peças antes de tomar banho de mar ou piscina. - Guarde individualmente em local seco e protegido da luz. Garantia de satisfação e envio imediato com nota fiscal."
"FS-COLARE_VERDE_COMPACTO_01";"Colare Verde Compacto Feminino Banhado Ouro 18k Ref 01";"40";"1";"Colares";"http://http2.mlstatic.com/D_NQ_NP_919689-MLB115352963229_072026-F.jpg";"MLB4972132325";"Colare Verde Compacto Feminino Banhado Ouro 18k Ref 01 - Fashion Shine 📷 ANÚNCIO COM GALERIA COMPLETA: Inclui 2 fotos em alta resolução mostrando diferentes ângulos e detalhes reais da peça. Semijoia fina de altíssima qualidade com banho nobre antialérgico, desenvolvida para realçar a beleza e elegância feminina em qualquer ocasião. FICHA TÉCNICA: - Marca: Fashion Shine - Categoria: Colares - Banho: Ouro 18k / Ródio Nobre Hipoalergênico (Livre de Níquel) - Código SKU: FS-COLARE_VERDE_COMPACTO_01 - Preço: R$ 40,00 - Condição: Produto Novo e Embalado - Estoque: Pronta Entrega (1 unidade) DIFERENCIAIS DA MARCA FASHION SHINE: ✔ Verniz de proteção de alta durabilidade (brilho prolongado). ✔ Design moderno, leve e sofisticado. ✔ Acabamento artesanal com rigoroso controle de qualidade. ✔ Excelente opção para presentear alguém especial. DICAS DE CONSERVAÇÃO: - Evite contato direto com perfumes, cremes e produtos químicos. - Retire suas peças antes de tomar banho de mar ou piscina. - Guarde individualmente em local seco e protegido da luz. Garantia de satisfação e envio imediato com nota fiscal."
"FS-COLARE_VERDE_COMPACTO_02";"Colare Verde Compacto Feminino Banhado Ouro 18k Ref 02";"40";"1";"Colares";"http://http2.mlstatic.com/D_NQ_NP_858485-MLB114033524770_072026-F.jpg";"MLB4972132423";"Colare Verde Compacto Feminino Banhado Ouro 18k Ref 02 - Fashion Shine 📷 ANÚNCIO COM GALERIA COMPLETA: Inclui 2 fotos em alta resolução mostrando diferentes ângulos e detalhes reais da peça. Semijoia fina de altíssima qualidade com banho nobre antialérgico, desenvolvida para realçar a beleza e elegância feminina em qualquer ocasião. FICHA TÉCNICA: - Marca: Fashion Shine - Categoria: Colares - Banho: Ouro 18k / Ródio Nobre Hipoalergênico (Livre de Níquel) - Código SKU: FS-COLARE_VERDE_COMPACTO_02 - Preço: R$ 40,00 - Condição: Produto Novo e Embalado - Estoque: Pronta Entrega (1 unidade) DIFERENCIAIS DA MARCA FASHION SHINE: ✔ Verniz de proteção de alta durabilidade (brilho prolongado). ✔ Design moderno, leve e sofisticado. ✔ Acabamento artesanal com rigoroso controle de qualidade. ✔ Excelente opção para presentear alguém especial. DICAS DE CONSERVAÇÃO: - Evite contato direto com perfumes, cremes e produtos químicos. - Retire suas peças antes de tomar banho de mar ou piscina. - Guarde individualmente em local seco e protegido da luz. Garantia de satisfação e envio imediato com nota fiscal."
"FS-COLARE_VERDE_COMPACTO_03";"Colare Verde Compacto Feminino Banhado Ouro 18k Ref 03";"40";"1";"Colares";"http://http2.mlstatic.com/D_NQ_NP_703050-MLB115353168797_072026-F.jpg";"MLB4972145213";"Colare Verde Compacto Feminino Banhado Ouro 18k Ref 03 - Fashion Shine Semijoia fina de altíssima qualidade com banho nobre antialérgico, desenvolvida para realçar a beleza e elegância feminina em qualquer ocasião. FICHA TÉCNICA: - Marca: Fashion Shine - Categoria: Colares - Banho: Ouro 18k / Ródio Nobre Hipoalergênico (Livre de Níquel) - Código SKU: FS-COLARE_VERDE_COMPACTO_03 - Preço: R$ 40,00 - Condição: Produto Novo e Embalado - Estoque: Pronta Entrega (1 unidade) DIFERENCIAIS DA MARCA FASHION SHINE: ✔ Verniz de proteção de alta durabilidade (brilho prolongado). ✔ Design moderno, leve e sofisticado. ✔ Acabamento artesanal com rigoroso controle de qualidade. ✔ Excelente opção para presentear alguém especial. DICAS DE CONSERVAÇÃO: - Evite contato direto com perfumes, cremes e produtos químicos. - Retire suas peças antes de tomar banho de mar ou piscina. - Guarde individualmente em local seco e protegido da luz. Garantia de satisfação e envio imediato com nota fiscal."
"FS-COLARE_VERDE_COMPACTO_04";"Colare Verde Compacto Feminino Banhado Ouro 18k Ref 04";"40";"1";"Colares";"http://http2.mlstatic.com/D_NQ_NP_754625-MLB114033495922_072026-F.jpg";"MLB4972145273";"Colare Verde Compacto Feminino Banhado Ouro 18k Ref 04 - Fashion Shine Semijoia fina de altíssima qualidade com banho nobre antialérgico, desenvolvida para realçar a beleza e elegância feminina em qualquer ocasião. FICHA TÉCNICA: - Marca: Fashion Shine - Categoria: Colares - Banho: Ouro 18k / Ródio Nobre Hipoalergênico (Livre de Níquel) - Código SKU: FS-COLARE_VERDE_COMPACTO_04 - Preço: R$ 40,00 - Condição: Produto Novo e Embalado - Estoque: Pronta Entrega (1 unidade) DIFERENCIAIS DA MARCA FASHION SHINE: ✔ Verniz de proteção de alta durabilidade (brilho prolongado). ✔ Design moderno, leve e sofisticado. ✔ Acabamento artesanal com rigoroso controle de qualidade. ✔ Excelente opção para presentear alguém especial. DICAS DE CONSERVAÇÃO: - Evite contato direto com perfumes, cremes e produtos químicos. - Retire suas peças antes de tomar banho de mar ou piscina. - Guarde individualmente em local seco e protegido da luz. Garantia de satisfação e envio imediato com nota fiscal."
"FS-COLARE_VERDE_COMPACTO_05";"Colare Verde Compacto Feminino Banhado Ouro 18k Ref 05";"40";"1";"Colares";"http://http2.mlstatic.com/D_NQ_NP_970713-MLB115353601779_072026-F.jpg";"MLB4972158109";"Colare Verde Compacto Feminino Banhado Ouro 18k Ref 05 - Fashion Shine Semijoia fina de altíssima qualidade com banho nobre antialérgico, desenvolvida para realçar a beleza e elegância feminina em qualquer ocasião. FICHA TÉCNICA: - Marca: Fashion Shine - Categoria: Colares - Banho: Ouro 18k / Ródio Nobre Hipoalergênico (Livre de Níquel) - Código SKU: FS-COLARE_VERDE_COMPACTO_05 - Preço: R$ 40,00 - Condição: Produto Novo e Embalado - Estoque: Pronta Entrega (1 unidade) DIFERENCIAIS DA MARCA FASHION SHINE: ✔ Verniz de proteção de alta durabilidade (brilho prolongado). ✔ Design moderno, leve e sofisticado. ✔ Acabamento artesanal com rigoroso controle de qualidade. ✔ Excelente opção para presentear alguém especial. DICAS DE CONSERVAÇÃO: - Evite contato direto com perfumes, cremes e produtos químicos. - Retire suas peças antes de tomar banho de mar ou piscina. - Guarde individualmente em local seco e protegido da luz. Garantia de satisfação e envio imediato com nota fiscal."
"FS-COLARE_VERDE_COMPACTO_06";"Colare Verde Compacto Feminino Banhado Ouro 18k Ref 06";"40";"1";"Colares";"http://http2.mlstatic.com/D_NQ_NP_897880-MLB114033496028_072026-F.jpg";"MLB4972158199";"Colare Verde Compacto Feminino Banhado Ouro 18k Ref 06 - Fashion Shine 📷 ANÚNCIO COM GALERIA COMPLETA: Inclui 2 fotos em alta resolução mostrando diferentes ângulos e detalhes reais da peça. Semijoia fina de altíssima qualidade com banho nobre antialérgico, desenvolvida para realçar a beleza e elegância feminina em qualquer ocasião. FICHA TÉCNICA: - Marca: Fashion Shine - Categoria: Colares - Banho: Ouro 18k / Ródio Nobre Hipoalergênico (Livre de Níquel) - Código SKU: FS-COLARE_VERDE_COMPACTO_06 - Preço: R$ 40,00 - Condição: Produto Novo e Embalado - Estoque: Pronta Entrega (1 unidade) DIFERENCIAIS DA MARCA FASHION SHINE: ✔ Verniz de proteção de alta durabilidade (brilho prolongado). ✔ Design moderno, leve e sofisticado. ✔ Acabamento artesanal com rigoroso controle de qualidade. ✔ Excelente opção para presentear alguém especial. DICAS DE CONSERVAÇÃO: - Evite contato direto com perfumes, cremes e produtos químicos. - Retire suas peças antes de tomar banho de mar ou piscina. - Guarde individualmente em local seco e protegido da luz. Garantia de satisfação e envio imediato com nota fiscal."
"FS-COLARE_VERDE_COMPACTO_07";"Colare Verde Compacto Feminino Banhado Ouro 18k Ref 07";"40";"1";"Colares";"http://http2.mlstatic.com/D_NQ_NP_904955-MLB115353375851_072026-F.jpg";"MLB4972158249";"Colare Verde Compacto Feminino Banhado Ouro 18k Ref 07 - Fashion Shine Semijoia fina de altíssima qualidade com banho nobre antialérgico, desenvolvida para realçar a beleza e elegância feminina em qualquer ocasião. FICHA TÉCNICA: - Marca: Fashion Shine - Categoria: Colares - Banho: Ouro 18k / Ródio Nobre Hipoalergênico (Livre de Níquel) - Código SKU: FS-COLARE_VERDE_COMPACTO_07 - Preço: R$ 40,00 - Condição: Produto Novo e Embalado - Estoque: Pronta Entrega (1 unidade) DIFERENCIAIS DA MARCA FASHION SHINE: ✔ Verniz de proteção de alta durabilidade (brilho prolongado). ✔ Design moderno, leve e sofisticado. ✔ Acabamento artesanal com rigoroso controle de qualidade. ✔ Excelente opção para presentear alguém especial. DICAS DE CONSERVAÇÃO: - Evite contato direto com perfumes, cremes e produtos químicos. - Retire suas peças antes de tomar banho de mar ou piscina. - Guarde individualmente em local seco e protegido da luz. Garantia de satisfação e envio imediato com nota fiscal."
"FS-COLARE_VERDE_COMPACTO_08";"Colare Verde Compacto Feminino Banhado Ouro 18k Ref 08";"40";"1";"Colares";"http://http2.mlstatic.com/D_NQ_NP_992635-MLB114033525054_072026-F.jpg";"MLB4972158289";"Colare Verde Compacto Feminino Banhado Ouro 18k Ref 08 - Fashion Shine Semijoia fina de altíssima qualidade com banho nobre antialérgico, desenvolvida para realçar a beleza e elegância feminina em qualquer ocasião. FICHA TÉCNICA: - Marca: Fashion Shine - Categoria: Colares - Banho: Ouro 18k / Ródio Nobre Hipoalergênico (Livre de Níquel) - Código SKU: FS-COLARE_VERDE_COMPACTO_08 - Preço: R$ 40,00 - Condição: Produto Novo e Embalado - Estoque: Pronta Entrega (1 unidade) DIFERENCIAIS DA MARCA FASHION SHINE: ✔ Verniz de proteção de alta durabilidade (brilho prolongado). ✔ Design moderno, leve e sofisticado. ✔ Acabamento artesanal com rigoroso controle de qualidade. ✔ Excelente opção para presentear alguém especial. DICAS DE CONSERVAÇÃO: - Evite contato direto com perfumes, cremes e produtos químicos. - Retire suas peças antes de tomar banho de mar ou piscina. - Guarde individualmente em local seco e protegido da luz. Garantia de satisfação e envio imediato com nota fiscal."
"FS-COLARE_VERDE_COMPACTO_09";"Colare Verde Compacto Feminino Banhado Ouro 18k Ref 09";"40";"1";"Colares";"http://http2.mlstatic.com/D_NQ_NP_881856-MLB115353657545_072026-F.jpg";"MLB4972145545";"Colare Verde Compacto Feminino Banhado Ouro 18k Ref 09 - Fashion Shine Semijoia fina de altíssima qualidade com banho nobre antialérgico, desenvolvida para realçar a beleza e elegância feminina em qualquer ocasião. FICHA TÉCNICA: - Marca: Fashion Shine - Categoria: Colares - Banho: Ouro 18k / Ródio Nobre Hipoalergênico (Livre de Níquel) - Código SKU: FS-COLARE_VERDE_COMPACTO_09 - Preço: R$ 40,00 - Condição: Produto Novo e Embalado - Estoque: Pronta Entrega (1 unidade) DIFERENCIAIS DA MARCA FASHION SHINE: ✔ Verniz de proteção de alta durabilidade (brilho prolongado). ✔ Design moderno, leve e sofisticado. ✔ Acabamento artesanal com rigoroso controle de qualidade. ✔ Excelente opção para presentear alguém especial. DICAS DE CONSERVAÇÃO: - Evite contato direto com perfumes, cremes e produtos químicos. - Retire suas peças antes de tomar banho de mar ou piscina. - Guarde individualmente em local seco e protegido da luz. Garantia de satisfação e envio imediato com nota fiscal."
"FS-COLARE_VERDE_COMPACTO_10";"Colare Verde Compacto Feminino Banhado Ouro 18k Ref 10";"40";"1";"Colares";"http://http2.mlstatic.com/D_NQ_NP_990331-MLB114033496244_072026-F.jpg";"MLB4972158451";"Colare Verde Compacto Feminino Banhado Ouro 18k Ref 10 - Fashion Shine 📷 ANÚNCIO COM GALERIA COMPLETA: Inclui 4 fotos em alta resolução mostrando diferentes ângulos e detalhes reais da peça. Semijoia fina de altíssima qualidade com banho nobre antialérgico, desenvolvida para realçar a beleza e elegância feminina em qualquer ocasião. FICHA TÉCNICA: - Marca: Fashion Shine - Categoria: Colares - Banho: Ouro 18k / Ródio Nobre Hipoalergênico (Livre de Níquel) - Código SKU: FS-COLARE_VERDE_COMPACTO_10 - Preço: R$ 40,00 - Condição: Produto Novo e Embalado - Estoque: Pronta Entrega (1 unidade) DIFERENCIAIS DA MARCA FASHION SHINE: ✔ Verniz de proteção de alta durabilidade (brilho prolongado). ✔ Design moderno, leve e sofisticado. ✔ Acabamento artesanal com rigoroso controle de qualidade. ✔ Excelente opção para presentear alguém especial. DICAS DE CONSERVAÇÃO: - Evite contato direto com perfumes, cremes e produtos químicos. - Retire suas peças antes de tomar banho de mar ou piscina. - Guarde individualmente em local seco e protegido da luz. Garantia de satisfação e envio imediato com nota fiscal."
"FS-COLARE_VERDE_COMPACTO_11";"Colare Verde Compacto Feminino Banhado Ouro 18k Ref 11";"40";"1";"Colares";"http://http2.mlstatic.com/D_NQ_NP_989800-MLB115353051903_072026-F.jpg";"MLB4972132991";"Colare Verde Compacto Feminino Banhado Ouro 18k Ref 11 - Fashion Shine Semijoia fina de altíssima qualidade com banho nobre antialérgico, desenvolvida para realçar a beleza e elegância feminina em qualquer ocasião. FICHA TÉCNICA: - Marca: Fashion Shine - Categoria: Colares - Banho: Ouro 18k / Ródio Nobre Hipoalergênico (Livre de Níquel) - Código SKU: FS-COLARE_VERDE_COMPACTO_11 - Preço: R$ 40,00 - Condição: Produto Novo e Embalado - Estoque: Pronta Entrega (1 unidade) DIFERENCIAIS DA MARCA FASHION SHINE: ✔ Verniz de proteção de alta durabilidade (brilho prolongado). ✔ Design moderno, leve e sofisticado. ✔ Acabamento artesanal com rigoroso controle de qualidade. ✔ Excelente opção para presentear alguém especial. DICAS DE CONSERVAÇÃO: - Evite contato direto com perfumes, cremes e produtos químicos. - Retire suas peças antes de tomar banho de mar ou piscina. - Guarde individualmente em local seco e protegido da luz. Garantia de satisfação e envio imediato com nota fiscal."
"FS-COLARE_VERDE_COMPACTO_12";"Colare Verde Compacto Feminino Banhado Ouro 18k Ref 12";"40";"1";"Colares";"http://http2.mlstatic.com/D_NQ_NP_689332-MLB115353287125_072026-F.jpg";"MLB4972133091";"Colare Verde Compacto Feminino Banhado Ouro 18k Ref 12 - Fashion Shine 📷 ANÚNCIO COM GALERIA COMPLETA: Inclui 3 fotos em alta resolução mostrando diferentes ângulos e detalhes reais da peça. Semijoia fina de altíssima qualidade com banho nobre antialérgico, desenvolvida para realçar a beleza e elegância feminina em qualquer ocasião. FICHA TÉCNICA: - Marca: Fashion Shine - Categoria: Colares - Banho: Ouro 18k / Ródio Nobre Hipoalergênico (Livre de Níquel) - Código SKU: FS-COLARE_VERDE_COMPACTO_12 - Preço: R$ 40,00 - Condição: Produto Novo e Embalado - Estoque: Pronta Entrega (1 unidade) DIFERENCIAIS DA MARCA FASHION SHINE: ✔ Verniz de proteção de alta durabilidade (brilho prolongado). ✔ Design moderno, leve e sofisticado. ✔ Acabamento artesanal com rigoroso controle de qualidade. ✔ Excelente opção para presentear alguém especial. DICAS DE CONSERVAÇÃO: - Evite contato direto com perfumes, cremes e produtos químicos. - Retire suas peças antes de tomar banho de mar ou piscina. - Guarde individualmente em local seco e protegido da luz. Garantia de satisfação e envio imediato com nota fiscal."
"FS-COLARE_VERDE_COMPACTO_13";"Colare Verde Compacto Feminino Banhado Ouro 18k Ref 13";"40";"1";"Colares";"http://http2.mlstatic.com/D_NQ_NP_741872-MLB115353376187_072026-F.jpg";"MLB4972158743";"Colare Verde Compacto Feminino Banhado Ouro 18k Ref 13 - Fashion Shine Semijoia fina de altíssima qualidade com banho nobre antialérgico, desenvolvida para realçar a beleza e elegância feminina em qualquer ocasião. FICHA TÉCNICA: - Marca: Fashion Shine - Categoria: Colares - Banho: Ouro 18k / Ródio Nobre Hipoalergênico (Livre de Níquel) - Código SKU: FS-COLARE_VERDE_COMPACTO_13 - Preço: R$ 40,00 - Condição: Produto Novo e Embalado - Estoque: Pronta Entrega (1 unidade) DIFERENCIAIS DA MARCA FASHION SHINE: ✔ Verniz de proteção de alta durabilidade (brilho prolongado). ✔ Design moderno, leve e sofisticado. ✔ Acabamento artesanal com rigoroso controle de qualidade. ✔ Excelente opção para presentear alguém especial. DICAS DE CONSERVAÇÃO: - Evite contato direto com perfumes, cremes e produtos químicos. - Retire suas peças antes de tomar banho de mar ou piscina. - Guarde individualmente em local seco e protegido da luz. Garantia de satisfação e envio imediato com nota fiscal."
"FS-COLARE_VERDE_COMPACTO_14";"Colare Verde Compacto Feminino Banhado Ouro 18k Ref 14";"40";"1";"Colares";"http://http2.mlstatic.com/D_NQ_NP_775048-MLB115353346899_072026-F.jpg";"MLB4972158825";"Colare Verde Compacto Feminino Banhado Ouro 18k Ref 14 - Fashion Shine Semijoia fina de altíssima qualidade com banho nobre antialérgico, desenvolvida para realçar a beleza e elegância feminina em qualquer ocasião. FICHA TÉCNICA: - Marca: Fashion Shine - Categoria: Colares - Banho: Ouro 18k / Ródio Nobre Hipoalergênico (Livre de Níquel) - Código SKU: FS-COLARE_VERDE_COMPACTO_14 - Preço: R$ 40,00 - Condição: Produto Novo e Embalado - Estoque: Pronta Entrega (1 unidade) DIFERENCIAIS DA MARCA FASHION SHINE: ✔ Verniz de proteção de alta durabilidade (brilho prolongado). ✔ Design moderno, leve e sofisticado. ✔ Acabamento artesanal com rigoroso controle de qualidade. ✔ Excelente opção para presentear alguém especial. DICAS DE CONSERVAÇÃO: - Evite contato direto com perfumes, cremes e produtos químicos. - Retire suas peças antes de tomar banho de mar ou piscina. - Guarde individualmente em local seco e protegido da luz. Garantia de satisfação e envio imediato com nota fiscal."
"FS-COLARE_VERDE_COMPACTO_15";"Colare Verde Compacto Feminino Banhado Ouro 18k Ref 15";"40";"1";"Colares";"http://http2.mlstatic.com/D_NQ_NP_870671-MLB114033466990_072026-F.jpg";"MLB4972146081";"Colare Verde Compacto Feminino Banhado Ouro 18k Ref 15 - Fashion Shine Semijoia fina de altíssima qualidade com banho nobre antialérgico, desenvolvida para realçar a beleza e elegância feminina em qualquer ocasião. FICHA TÉCNICA: - Marca: Fashion Shine - Categoria: Colares - Banho: Ouro 18k / Ródio Nobre Hipoalergênico (Livre de Níquel) - Código SKU: FS-COLARE_VERDE_COMPACTO_15 - Preço: R$ 40,00 - Condição: Produto Novo e Embalado - Estoque: Pronta Entrega (1 unidade) DIFERENCIAIS DA MARCA FASHION SHINE: ✔ Verniz de proteção de alta durabilidade (brilho prolongado). ✔ Design moderno, leve e sofisticado. ✔ Acabamento artesanal com rigoroso controle de qualidade. ✔ Excelente opção para presentear alguém especial. DICAS DE CONSERVAÇÃO: - Evite contato direto com perfumes, cremes e produtos químicos. - Retire suas peças antes de tomar banho de mar ou piscina. - Guarde individualmente em local seco e protegido da luz. Garantia de satisfação e envio imediato com nota fiscal."
"FS-COLARE_VERDE_LARGO_01";"Colare Verde Largo Feminino Banhado Ouro 18k Ref 01";"40";"1";"Colares";"http://http2.mlstatic.com/D_NQ_NP_706266-MLB115352994331_072026-F.jpg";"MLB4972146169";"Colare Verde Largo Feminino Banhado Ouro 18k Ref 01 - Fashion Shine Semijoia fina de altíssima qualidade com banho nobre antialérgico, desenvolvida para realçar a beleza e elegância feminina em qualquer ocasião. FICHA TÉCNICA: - Marca: Fashion Shine - Categoria: Colares - Banho: Ouro 18k / Ródio Nobre Hipoalergênico (Livre de Níquel) - Código SKU: FS-COLARE_VERDE_LARGO_01 - Preço: R$ 40,00 - Condição: Produto Novo e Embalado - Estoque: Pronta Entrega (1 unidade) DIFERENCIAIS DA MARCA FASHION SHINE: ✔ Verniz de proteção de alta durabilidade (brilho prolongado). ✔ Design moderno, leve e sofisticado. ✔ Acabamento artesanal com rigoroso controle de qualidade. ✔ Excelente opção para presentear alguém especial. DICAS DE CONSERVAÇÃO: - Evite contato direto com perfumes, cremes e produtos químicos. - Retire suas peças antes de tomar banho de mar ou piscina. - Guarde individualmente em local seco e protegido da luz. Garantia de satisfação e envio imediato com nota fiscal."
"FS-COLARE_VERDE_LARGO_02";"Colare Verde Largo Feminino Banhado Ouro 18k Ref 02";"40";"1";"Colares";"http://http2.mlstatic.com/D_NQ_NP_638252-MLB115353023401_072026-F.jpg";"MLB4972159057";"Colare Verde Largo Feminino Banhado Ouro 18k Ref 02 - Fashion Shine Semijoia fina de altíssima qualidade com banho nobre antialérgico, desenvolvida para realçar a beleza e elegância feminina em qualquer ocasião. FICHA TÉCNICA: - Marca: Fashion Shine - Categoria: Colares - Banho: Ouro 18k / Ródio Nobre Hipoalergênico (Livre de Níquel) - Código SKU: FS-COLARE_VERDE_LARGO_02 - Preço: R$ 40,00 - Condição: Produto Novo e Embalado - Estoque: Pronta Entrega (1 unidade) DIFERENCIAIS DA MARCA FASHION SHINE: ✔ Verniz de proteção de alta durabilidade (brilho prolongado). ✔ Design moderno, leve e sofisticado. ✔ Acabamento artesanal com rigoroso controle de qualidade. ✔ Excelente opção para presentear alguém especial. DICAS DE CONSERVAÇÃO: - Evite contato direto com perfumes, cremes e produtos químicos. - Retire suas peças antes de tomar banho de mar ou piscina. - Guarde individualmente em local seco e protegido da luz. Garantia de satisfação e envio imediato com nota fiscal."
"FS-COLARE_VERDE_LARGO_03";"Colare Verde Largo Feminino Banhado Ouro 18k Ref 03";"40";"1";"Colares";"http://http2.mlstatic.com/D_NQ_NP_825252-MLB115352994453_072026-F.jpg";"MLB4972159125";"Colare Verde Largo Feminino Banhado Ouro 18k Ref 03 - Fashion Shine Semijoia fina de altíssima qualidade com banho nobre antialérgico, desenvolvida para realçar a beleza e elegância feminina em qualquer ocasião. FICHA TÉCNICA: - Marca: Fashion Shine - Categoria: Colares - Banho: Ouro 18k / Ródio Nobre Hipoalergênico (Livre de Níquel) - Código SKU: FS-COLARE_VERDE_LARGO_03 - Preço: R$ 40,00 - Condição: Produto Novo e Embalado - Estoque: Pronta Entrega (1 unidade) DIFERENCIAIS DA MARCA FASHION SHINE: ✔ Verniz de proteção de alta durabilidade (brilho prolongado). ✔ Design moderno, leve e sofisticado. ✔ Acabamento artesanal com rigoroso controle de qualidade. ✔ Excelente opção para presentear alguém especial. DICAS DE CONSERVAÇÃO: - Evite contato direto com perfumes, cremes e produtos químicos. - Retire suas peças antes de tomar banho de mar ou piscina. - Guarde individualmente em local seco e protegido da luz. Garantia de satisfação e envio imediato com nota fiscal."
"FS-COLARE_VERDE_LARGO_04";"Colare Verde Largo Feminino Banhado Ouro 18k Ref 04";"40";"1";"Colares";"http://http2.mlstatic.com/D_NQ_NP_642328-MLB115352964193_072026-F.jpg";"MLB4972159191";"Colare Verde Largo Feminino Banhado Ouro 18k Ref 04 - Fashion Shine Semijoia fina de altíssima qualidade com banho nobre antialérgico, desenvolvida para realçar a beleza e elegância feminina em qualquer ocasião. FICHA TÉCNICA: - Marca: Fashion Shine - Categoria: Colares - Banho: Ouro 18k / Ródio Nobre Hipoalergênico (Livre de Níquel) - Código SKU: FS-COLARE_VERDE_LARGO_04 - Preço: R$ 40,00 - Condição: Produto Novo e Embalado - Estoque: Pronta Entrega (1 unidade) DIFERENCIAIS DA MARCA FASHION SHINE: ✔ Verniz de proteção de alta durabilidade (brilho prolongado). ✔ Design moderno, leve e sofisticado. ✔ Acabamento artesanal com rigoroso controle de qualidade. ✔ Excelente opção para presentear alguém especial. DICAS DE CONSERVAÇÃO: - Evite contato direto com perfumes, cremes e produtos químicos. - Retire suas peças antes de tomar banho de mar ou piscina. - Guarde individualmente em local seco e protegido da luz. Garantia de satisfação e envio imediato com nota fiscal."
"FS-COLARE_VERDE_LARGO_05";"Colare Verde Largo Feminino Banhado Ouro 18k Ref 05";"40";"1";"Colares";"http://http2.mlstatic.com/D_NQ_NP_603596-MLB114033496798_072026-F.jpg";"MLB4972146541";"Colare Verde Largo Feminino Banhado Ouro 18k Ref 05 - Fashion Shine 📷 ANÚNCIO COM GALERIA COMPLETA: Inclui 2 fotos em alta resolução mostrando diferentes ângulos e detalhes reais da peça. Semijoia fina de altíssima qualidade com banho nobre antialérgico, desenvolvida para realçar a beleza e elegância feminina em qualquer ocasião. FICHA TÉCNICA: - Marca: Fashion Shine - Categoria: Colares - Banho: Ouro 18k / Ródio Nobre Hipoalergênico (Livre de Níquel) - Código SKU: FS-COLARE_VERDE_LARGO_05 - Preço: R$ 40,00 - Condição: Produto Novo e Embalado - Estoque: Pronta Entrega (1 unidade) DIFERENCIAIS DA MARCA FASHION SHINE: ✔ Verniz de proteção de alta durabilidade (brilho prolongado). ✔ Design moderno, leve e sofisticado. ✔ Acabamento artesanal com rigoroso controle de qualidade. ✔ Excelente opção para presentear alguém especial. DICAS DE CONSERVAÇÃO: - Evite contato direto com perfumes, cremes e produtos químicos. - Retire suas peças antes de tomar banho de mar ou piscina. - Guarde individualmente em local seco e protegido da luz. Garantia de satisfação e envio imediato com nota fiscal."
"FS-COLARE_VERDE_LARGO_06";"Colare Verde Largo Feminino Banhado Ouro 18k Ref 06";"40";"1";"Colares";"http://http2.mlstatic.com/D_NQ_NP_924895-MLB115353287625_072026-F.jpg";"MLB4972146653";"Colare Verde Largo Feminino Banhado Ouro 18k Ref 06 - Fashion Shine 📷 ANÚNCIO COM GALERIA COMPLETA: Inclui 2 fotos em alta resolução mostrando diferentes ângulos e detalhes reais da peça. Semijoia fina de altíssima qualidade com banho nobre antialérgico, desenvolvida para realçar a beleza e elegância feminina em qualquer ocasião. FICHA TÉCNICA: - Marca: Fashion Shine - Categoria: Colares - Banho: Ouro 18k / Ródio Nobre Hipoalergênico (Livre de Níquel) - Código SKU: FS-COLARE_VERDE_LARGO_06 - Preço: R$ 40,00 - Condição: Produto Novo e Embalado - Estoque: Pronta Entrega (1 unidade) DIFERENCIAIS DA MARCA FASHION SHINE: ✔ Verniz de proteção de alta durabilidade (brilho prolongado). ✔ Design moderno, leve e sofisticado. ✔ Acabamento artesanal com rigoroso controle de qualidade. ✔ Excelente opção para presentear alguém especial. DICAS DE CONSERVAÇÃO: - Evite contato direto com perfumes, cremes e produtos químicos. - Retire suas peças antes de tomar banho de mar ou piscina. - Guarde individualmente em local seco e protegido da luz. Garantia de satisfação e envio imediato com nota fiscal."
"FS-COLARE_VERDE_LARGO_07";"Colare Verde Largo Feminino Banhado Ouro 18k Ref 07";"40";"1";"Colares";"http://http2.mlstatic.com/D_NQ_NP_919385-MLB115353052499_072026-F.jpg";"MLB4972159529";"Colare Verde Largo Feminino Banhado Ouro 18k Ref 07 - Fashion Shine Semijoia fina de altíssima qualidade com banho nobre antialérgico, desenvolvida para realçar a beleza e elegância feminina em qualquer ocasião. FICHA TÉCNICA: - Marca: Fashion Shine - Categoria: Colares - Banho: Ouro 18k / Ródio Nobre Hipoalergênico (Livre de Níquel) - Código SKU: FS-COLARE_VERDE_LARGO_07 - Preço: R$ 40,00 - Condição: Produto Novo e Embalado - Estoque: Pronta Entrega (1 unidade) DIFERENCIAIS DA MARCA FASHION SHINE: ✔ Verniz de proteção de alta durabilidade (brilho prolongado). ✔ Design moderno, leve e sofisticado. ✔ Acabamento artesanal com rigoroso controle de qualidade. ✔ Excelente opção para presentear alguém especial. DICAS DE CONSERVAÇÃO: - Evite contato direto com perfumes, cremes e produtos químicos. - Retire suas peças antes de tomar banho de mar ou piscina. - Guarde individualmente em local seco e protegido da luz. Garantia de satisfação e envio imediato com nota fiscal."
"FS-COLARE_VERDE_LARGO_08";"Colare Verde Largo Feminino Banhado Ouro 18k Ref 08";"40";"1";"Colares";"http://http2.mlstatic.com/D_NQ_NP_602344-MLB115353169919_072026-F.jpg";"MLB4972159623";"Colare Verde Largo Feminino Banhado Ouro 18k Ref 08 - Fashion Shine Semijoia fina de altíssima qualidade com banho nobre antialérgico, desenvolvida para realçar a beleza e elegância feminina em qualquer ocasião. FICHA TÉCNICA: - Marca: Fashion Shine - Categoria: Colares - Banho: Ouro 18k / Ródio Nobre Hipoalergênico (Livre de Níquel) - Código SKU: FS-COLARE_VERDE_LARGO_08 - Preço: R$ 40,00 - Condição: Produto Novo e Embalado - Estoque: Pronta Entrega (1 unidade) DIFERENCIAIS DA MARCA FASHION SHINE: ✔ Verniz de proteção de alta durabilidade (brilho prolongado). ✔ Design moderno, leve e sofisticado. ✔ Acabamento artesanal com rigoroso controle de qualidade. ✔ Excelente opção para presentear alguém especial. DICAS DE CONSERVAÇÃO: - Evite contato direto com perfumes, cremes e produtos químicos. - Retire suas peças antes de tomar banho de mar ou piscina. - Guarde individualmente em local seco e protegido da luz. Garantia de satisfação e envio imediato com nota fiscal."
"FS-COLARE_VERDE_LARGO_09";"Colare Verde Largo Feminino Banhado Ouro 18k Ref 09";"40";"1";"Colares";"http://http2.mlstatic.com/D_NQ_NP_770233-MLB114033467522_072026-F.jpg";"MLB4972134243";"Colare Verde Largo Feminino Banhado Ouro 18k Ref 09 - Fashion Shine Semijoia fina de altíssima qualidade com banho nobre antialérgico, desenvolvida para realçar a beleza e elegância feminina em qualquer ocasião. FICHA TÉCNICA: - Marca: Fashion Shine - Categoria: Colares - Banho: Ouro 18k / Ródio Nobre Hipoalergênico (Livre de Níquel) - Código SKU: FS-COLARE_VERDE_LARGO_09 - Preço: R$ 40,00 - Condição: Produto Novo e Embalado - Estoque: Pronta Entrega (1 unidade) DIFERENCIAIS DA MARCA FASHION SHINE: ✔ Verniz de proteção de alta durabilidade (brilho prolongado). ✔ Design moderno, leve e sofisticado. ✔ Acabamento artesanal com rigoroso controle de qualidade. ✔ Excelente opção para presentear alguém especial. DICAS DE CONSERVAÇÃO: - Evite contato direto com perfumes, cremes e produtos químicos. - Retire suas peças antes de tomar banho de mar ou piscina. - Guarde individualmente em local seco e protegido da luz. Garantia de satisfação e envio imediato com nota fiscal."
"FS-COLARE_VERDE_LARGO_10";"Colare Verde Largo Feminino Banhado Ouro 18k Ref 10";"40";"1";"Colares";"http://http2.mlstatic.com/D_NQ_NP_834311-MLB115353602905_072026-F.jpg";"MLB4972159819";"Colare Verde Largo Feminino Banhado Ouro 18k Ref 10 - Fashion Shine Semijoia fina de altíssima qualidade com banho nobre antialérgico, desenvolvida para realçar a beleza e elegância feminina em qualquer ocasião. FICHA TÉCNICA: - Marca: Fashion Shine - Categoria: Colares - Banho: Ouro 18k / Ródio Nobre Hipoalergênico (Livre de Níquel) - Código SKU: FS-COLARE_VERDE_LARGO_10 - Preço: R$ 40,00 - Condição: Produto Novo e Embalado - Estoque: Pronta Entrega (1 unidade) DIFERENCIAIS DA MARCA FASHION SHINE: ✔ Verniz de proteção de alta durabilidade (brilho prolongado). ✔ Design moderno, leve e sofisticado. ✔ Acabamento artesanal com rigoroso controle de qualidade. ✔ Excelente opção para presentear alguém especial. DICAS DE CONSERVAÇÃO: - Evite contato direto com perfumes, cremes e produtos químicos. - Retire suas peças antes de tomar banho de mar ou piscina. - Guarde individualmente em local seco e protegido da luz. Garantia de satisfação e envio imediato com nota fiscal."
"FS-COLARE_VERDE_LONGO_01";"Colare Verde Longo Feminino Banhado Ouro 18k Ref 01";"40";"1";"Colares";"http://http2.mlstatic.com/D_NQ_NP_787132-MLB115353170103_072026-F.jpg";"MLB4972159899";"Colare Verde Longo Feminino Banhado Ouro 18k Ref 01 - Fashion Shine Semijoia fina de altíssima qualidade com banho nobre antialérgico, desenvolvida para realçar a beleza e elegância feminina em qualquer ocasião. FICHA TÉCNICA: - Marca: Fashion Shine - Categoria: Colares - Banho: Ouro 18k / Ródio Nobre Hipoalergênico (Livre de Níquel) - Código SKU: FS-COLARE_VERDE_LONGO_01 - Preço: R$ 40,00 - Condição: Produto Novo e Embalado - Estoque: Pronta Entrega (1 unidade) DIFERENCIAIS DA MARCA FASHION SHINE: ✔ Verniz de proteção de alta durabilidade (brilho prolongado). ✔ Design moderno, leve e sofisticado. ✔ Acabamento artesanal com rigoroso controle de qualidade. ✔ Excelente opção para presentear alguém especial. DICAS DE CONSERVAÇÃO: - Evite contato direto com perfumes, cremes e produtos químicos. - Retire suas peças antes de tomar banho de mar ou piscina. - Guarde individualmente em local seco e protegido da luz. Garantia de satisfação e envio imediato com nota fiscal."
"FS-COLARE_VERDE_LONGO_02";"Colare Verde Longo Feminino Banhado Ouro 18k Ref 02";"40";"1";"Colares";"http://http2.mlstatic.com/D_NQ_NP_937824-MLB115353052743_072026-F.jpg";"MLB4972159991";"Colare Verde Longo Feminino Banhado Ouro 18k Ref 02 - Fashion Shine Semijoia fina de altíssima qualidade com banho nobre antialérgico, desenvolvida para realçar a beleza e elegância feminina em qualquer ocasião. FICHA TÉCNICA: - Marca: Fashion Shine - Categoria: Colares - Banho: Ouro 18k / Ródio Nobre Hipoalergênico (Livre de Níquel) - Código SKU: FS-COLARE_VERDE_LONGO_02 - Preço: R$ 40,00 - Condição: Produto Novo e Embalado - Estoque: Pronta Entrega (1 unidade) DIFERENCIAIS DA MARCA FASHION SHINE: ✔ Verniz de proteção de alta durabilidade (brilho prolongado). ✔ Design moderno, leve e sofisticado. ✔ Acabamento artesanal com rigoroso controle de qualidade. ✔ Excelente opção para presentear alguém especial. DICAS DE CONSERVAÇÃO: - Evite contato direto com perfumes, cremes e produtos químicos. - Retire suas peças antes de tomar banho de mar ou piscina. - Guarde individualmente em local seco e protegido da luz. Garantia de satisfação e envio imediato com nota fiscal."
"FS-COLARE_VERDE_LONGO_03";"Colare Verde Longo Feminino Banhado Ouro 18k Ref 03";"40";"1";"Colares";"http://http2.mlstatic.com/D_NQ_NP_620806-MLB115353170227_072026-F.jpg";"MLB4972134543";"Colare Verde Longo Feminino Banhado Ouro 18k Ref 03 - Fashion Shine Semijoia fina de altíssima qualidade com banho nobre antialérgico, desenvolvida para realçar a beleza e elegância feminina em qualquer ocasião. FICHA TÉCNICA: - Marca: Fashion Shine - Categoria: Colares - Banho: Ouro 18k / Ródio Nobre Hipoalergênico (Livre de Níquel) - Código SKU: FS-COLARE_VERDE_LONGO_03 - Preço: R$ 40,00 - Condição: Produto Novo e Embalado - Estoque: Pronta Entrega (1 unidade) DIFERENCIAIS DA MARCA FASHION SHINE: ✔ Verniz de proteção de alta durabilidade (brilho prolongado). ✔ Design moderno, leve e sofisticado. ✔ Acabamento artesanal com rigoroso controle de qualidade. ✔ Excelente opção para presentear alguém especial. DICAS DE CONSERVAÇÃO: - Evite contato direto com perfumes, cremes e produtos químicos. - Retire suas peças antes de tomar banho de mar ou piscina. - Guarde individualmente em local seco e protegido da luz. Garantia de satisfação e envio imediato com nota fiscal."
"FS-COLARE_VERDE_LONGO_04";"Colare Verde Longo Feminino Banhado Ouro 18k Ref 04";"40";"1";"Colares";"http://http2.mlstatic.com/D_NQ_NP_822171-MLB114033615104_072026-F.jpg";"MLB4972134643";"Colare Verde Longo Feminino Banhado Ouro 18k Ref 04 - Fashion Shine Semijoia fina de altíssima qualidade com banho nobre antialérgico, desenvolvida para realçar a beleza e elegância feminina em qualquer ocasião. FICHA TÉCNICA: - Marca: Fashion Shine - Categoria: Colares - Banho: Ouro 18k / Ródio Nobre Hipoalergênico (Livre de Níquel) - Código SKU: FS-COLARE_VERDE_LONGO_04 - Preço: R$ 40,00 - Condição: Produto Novo e Embalado - Estoque: Pronta Entrega (1 unidade) DIFERENCIAIS DA MARCA FASHION SHINE: ✔ Verniz de proteção de alta durabilidade (brilho prolongado). ✔ Design moderno, leve e sofisticado. ✔ Acabamento artesanal com rigoroso controle de qualidade. ✔ Excelente opção para presentear alguém especial. DICAS DE CONSERVAÇÃO: - Evite contato direto com perfumes, cremes e produtos químicos. - Retire suas peças antes de tomar banho de mar ou piscina. - Guarde individualmente em local seco e protegido da luz. Garantia de satisfação e envio imediato com nota fiscal."
"FS-COLARE_VERDE_LONGO_05";"Colare Verde Longo Feminino Banhado Ouro 18k Ref 05";"40";"1";"Colares";"http://http2.mlstatic.com/D_NQ_NP_623241-MLB114033526334_072026-F.jpg";"MLB4972160305";"Colare Verde Longo Feminino Banhado Ouro 18k Ref 05 - Fashion Shine 📷 ANÚNCIO COM GALERIA COMPLETA: Inclui 3 fotos em alta resolução mostrando diferentes ângulos e detalhes reais da peça. Semijoia fina de altíssima qualidade com banho nobre antialérgico, desenvolvida para realçar a beleza e elegância feminina em qualquer ocasião. FICHA TÉCNICA: - Marca: Fashion Shine - Categoria: Colares - Banho: Ouro 18k / Ródio Nobre Hipoalergênico (Livre de Níquel) - Código SKU: FS-COLARE_VERDE_LONGO_05 - Preço: R$ 40,00 - Condição: Produto Novo e Embalado - Estoque: Pronta Entrega (1 unidade) DIFERENCIAIS DA MARCA FASHION SHINE: ✔ Verniz de proteção de alta durabilidade (brilho prolongado). ✔ Design moderno, leve e sofisticado. ✔ Acabamento artesanal com rigoroso controle de qualidade. ✔ Excelente opção para presentear alguém especial. DICAS DE CONSERVAÇÃO: - Evite contato direto com perfumes, cremes e produtos químicos. - Retire suas peças antes de tomar banho de mar ou piscina. - Guarde individualmente em local seco e protegido da luz. Garantia de satisfação e envio imediato com nota fiscal."
"FS-COLARE_VERDE_LONGO_06";"Colare Verde Longo Feminino Banhado Ouro 18k Ref 06";"40";"1";"Colares";"http://http2.mlstatic.com/D_NQ_NP_777529-MLB115353111533_072026-F.jpg";"MLB4972147633";"Colare Verde Longo Feminino Banhado Ouro 18k Ref 06 - Fashion Shine Semijoia fina de altíssima qualidade com banho nobre antialérgico, desenvolvida para realçar a beleza e elegância feminina em qualquer ocasião. FICHA TÉCNICA: - Marca: Fashion Shine - Categoria: Colares - Banho: Ouro 18k / Ródio Nobre Hipoalergênico (Livre de Níquel) - Código SKU: FS-COLARE_VERDE_LONGO_06 - Preço: R$ 40,00 - Condição: Produto Novo e Embalado - Estoque: Pronta Entrega (1 unidade) DIFERENCIAIS DA MARCA FASHION SHINE: ✔ Verniz de proteção de alta durabilidade (brilho prolongado). ✔ Design moderno, leve e sofisticado. ✔ Acabamento artesanal com rigoroso controle de qualidade. ✔ Excelente opção para presentear alguém especial. DICAS DE CONSERVAÇÃO: - Evite contato direto com perfumes, cremes e produtos químicos. - Retire suas peças antes de tomar banho de mar ou piscina. - Guarde individualmente em local seco e protegido da luz. Garantia de satisfação e envio imediato com nota fiscal."
"FS-COLARE_VERDE_LONGO_07";"Colare Verde Longo Feminino Banhado Ouro 18k Ref 07";"40";"1";"Colares";"http://http2.mlstatic.com/D_NQ_NP_796145-MLB115353053063_072026-F.jpg";"MLB4972147713";"Colare Verde Longo Feminino Banhado Ouro 18k Ref 07 - Fashion Shine Semijoia fina de altíssima qualidade com banho nobre antialérgico, desenvolvida para realçar a beleza e elegância feminina em qualquer ocasião. FICHA TÉCNICA: - Marca: Fashion Shine - Categoria: Colares - Banho: Ouro 18k / Ródio Nobre Hipoalergênico (Livre de Níquel) - Código SKU: FS-COLARE_VERDE_LONGO_07 - Preço: R$ 40,00 - Condição: Produto Novo e Embalado - Estoque: Pronta Entrega (1 unidade) DIFERENCIAIS DA MARCA FASHION SHINE: ✔ Verniz de proteção de alta durabilidade (brilho prolongado). ✔ Design moderno, leve e sofisticado. ✔ Acabamento artesanal com rigoroso controle de qualidade. ✔ Excelente opção para presentear alguém especial. DICAS DE CONSERVAÇÃO: - Evite contato direto com perfumes, cremes e produtos químicos. - Retire suas peças antes de tomar banho de mar ou piscina. - Guarde individualmente em local seco e protegido da luz. Garantia de satisfação e envio imediato com nota fiscal."
"FS-COLARE_VERDE_LONGO_08";"Colare Verde Longo Feminino Banhado Ouro 18k Ref 08";"40";"1";"Colares";"http://http2.mlstatic.com/D_NQ_NP_856405-MLB115353377259_072026-F.jpg";"MLB4972160563";"Colare Verde Longo Feminino Banhado Ouro 18k Ref 08 - Fashion Shine Semijoia fina de altíssima qualidade com banho nobre antialérgico, desenvolvida para realçar a beleza e elegância feminina em qualquer ocasião. FICHA TÉCNICA: - Marca: Fashion Shine - Categoria: Colares - Banho: Ouro 18k / Ródio Nobre Hipoalergênico (Livre de Níquel) - Código SKU: FS-COLARE_VERDE_LONGO_08 - Preço: R$ 40,00 - Condição: Produto Novo e Embalado - Estoque: Pronta Entrega (1 unidade) DIFERENCIAIS DA MARCA FASHION SHINE: ✔ Verniz de proteção de alta durabilidade (brilho prolongado). ✔ Design moderno, leve e sofisticado. ✔ Acabamento artesanal com rigoroso controle de qualidade. ✔ Excelente opção para presentear alguém especial. DICAS DE CONSERVAÇÃO: - Evite contato direto com perfumes, cremes e produtos químicos. - Retire suas peças antes de tomar banho de mar ou piscina. - Guarde individualmente em local seco e protegido da luz. Garantia de satisfação e envio imediato com nota fiscal."
"FS-COLARE_VERDE_LONGO_09";"Colare Verde Longo Feminino Banhado Ouro 18k Ref 09";"40";"1";"Colares";"http://http2.mlstatic.com/D_NQ_NP_810524-MLB115353288295_072026-F.jpg";"MLB4972147899";"Colare Verde Longo Feminino Banhado Ouro 18k Ref 09 - Fashion Shine 📷 ANÚNCIO COM GALERIA COMPLETA: Inclui 2 fotos em alta resolução mostrando diferentes ângulos e detalhes reais da peça. Semijoia fina de altíssima qualidade com banho nobre antialérgico, desenvolvida para realçar a beleza e elegância feminina em qualquer ocasião. FICHA TÉCNICA: - Marca: Fashion Shine - Categoria: Colares - Banho: Ouro 18k / Ródio Nobre Hipoalergênico (Livre de Níquel) - Código SKU: FS-COLARE_VERDE_LONGO_09 - Preço: R$ 40,00 - Condição: Produto Novo e Embalado - Estoque: Pronta Entrega (1 unidade) DIFERENCIAIS DA MARCA FASHION SHINE: ✔ Verniz de proteção de alta durabilidade (brilho prolongado). ✔ Design moderno, leve e sofisticado. ✔ Acabamento artesanal com rigoroso controle de qualidade. ✔ Excelente opção para presentear alguém especial. DICAS DE CONSERVAÇÃO: - Evite contato direto com perfumes, cremes e produtos químicos. - Retire suas peças antes de tomar banho de mar ou piscina. - Guarde individualmente em local seco e protegido da luz. Garantia de satisfação e envio imediato com nota fiscal."
"FS-COLARE_VERDE_LONGO_10";"Colare Verde Longo Feminino Banhado Ouro 18k Ref 10";"40";"1";"Colares";"http://http2.mlstatic.com/D_NQ_NP_818237-MLB115353603449_072026-F.jpg";"MLB4972160787";"Colare Verde Longo Feminino Banhado Ouro 18k Ref 10 - Fashion Shine Semijoia fina de altíssima qualidade com banho nobre antialérgico, desenvolvida para realçar a beleza e elegância feminina em qualquer ocasião. FICHA TÉCNICA: - Marca: Fashion Shine - Categoria: Colares - Banho: Ouro 18k / Ródio Nobre Hipoalergênico (Livre de Níquel) - Código SKU: FS-COLARE_VERDE_LONGO_10 - Preço: R$ 40,00 - Condição: Produto Novo e Embalado - Estoque: Pronta Entrega (1 unidade) DIFERENCIAIS DA MARCA FASHION SHINE: ✔ Verniz de proteção de alta durabilidade (brilho prolongado). ✔ Design moderno, leve e sofisticado. ✔ Acabamento artesanal com rigoroso controle de qualidade. ✔ Excelente opção para presentear alguém especial. DICAS DE CONSERVAÇÃO: - Evite contato direto com perfumes, cremes e produtos químicos. - Retire suas peças antes de tomar banho de mar ou piscina. - Guarde individualmente em local seco e protegido da luz. Garantia de satisfação e envio imediato com nota fiscal."
"FS-COLARE_VERDE_LONGO_11";"Colare Verde Longo Feminino Banhado Ouro 18k Ref 11";"40";"1";"Colares";"http://http2.mlstatic.com/D_NQ_NP_686423-MLB115353053303_072026-F.jpg";"MLB4972160885";"Colare Verde Longo Feminino Banhado Ouro 18k Ref 11 - Fashion Shine 📷 ANÚNCIO COM GALERIA COMPLETA: Inclui 2 fotos em alta resolução mostrando diferentes ângulos e detalhes reais da peça. Semijoia fina de altíssima qualidade com banho nobre antialérgico, desenvolvida para realçar a beleza e elegância feminina em qualquer ocasião. FICHA TÉCNICA: - Marca: Fashion Shine - Categoria: Colares - Banho: Ouro 18k / Ródio Nobre Hipoalergênico (Livre de Níquel) - Código SKU: FS-COLARE_VERDE_LONGO_11 - Preço: R$ 40,00 - Condição: Produto Novo e Embalado - Estoque: Pronta Entrega (1 unidade) DIFERENCIAIS DA MARCA FASHION SHINE: ✔ Verniz de proteção de alta durabilidade (brilho prolongado). ✔ Design moderno, leve e sofisticado. ✔ Acabamento artesanal com rigoroso controle de qualidade. ✔ Excelente opção para presentear alguém especial. DICAS DE CONSERVAÇÃO: - Evite contato direto com perfumes, cremes e produtos químicos. - Retire suas peças antes de tomar banho de mar ou piscina. - Guarde individualmente em local seco e protegido da luz. Garantia de satisfação e envio imediato com nota fiscal."
"FS-COLARE_VERDE_LONGO_12";"Colare Verde Longo Feminino Banhado Ouro 18k Ref 12";"40";"1";"Colares";"http://http2.mlstatic.com/D_NQ_NP_651421-MLB115353492019_072026-F.jpg";"MLB4972148221";"Colare Verde Longo Feminino Banhado Ouro 18k Ref 12 - Fashion Shine Semijoia fina de altíssima qualidade com banho nobre antialérgico, desenvolvida para realçar a beleza e elegância feminina em qualquer ocasião. FICHA TÉCNICA: - Marca: Fashion Shine - Categoria: Colares - Banho: Ouro 18k / Ródio Nobre Hipoalergênico (Livre de Níquel) - Código SKU: FS-COLARE_VERDE_LONGO_12 - Preço: R$ 40,00 - Condição: Produto Novo e Embalado - Estoque: Pronta Entrega (1 unidade) DIFERENCIAIS DA MARCA FASHION SHINE: ✔ Verniz de proteção de alta durabilidade (brilho prolongado). ✔ Design moderno, leve e sofisticado. ✔ Acabamento artesanal com rigoroso controle de qualidade. ✔ Excelente opção para presentear alguém especial. DICAS DE CONSERVAÇÃO: - Evite contato direto com perfumes, cremes e produtos químicos. - Retire suas peças antes de tomar banho de mar ou piscina. - Guarde individualmente em local seco e protegido da luz. Garantia de satisfação e envio imediato com nota fiscal."
"FS-COLARE_VERDE_LONGO_13";"Colare Verde Longo Feminino Banhado Ouro 18k Ref 13";"40";"1";"Colares";"http://http2.mlstatic.com/D_NQ_NP_640447-MLB114033526820_072026-F.jpg";"MLB4972148325";"Colare Verde Longo Feminino Banhado Ouro 18k Ref 13 - Fashion Shine Semijoia fina de altíssima qualidade com banho nobre antialérgico, desenvolvida para realçar a beleza e elegância feminina em qualquer ocasião. FICHA TÉCNICA: - Marca: Fashion Shine - Categoria: Colares - Banho: Ouro 18k / Ródio Nobre Hipoalergênico (Livre de Níquel) - Código SKU: FS-COLARE_VERDE_LONGO_13 - Preço: R$ 40,00 - Condição: Produto Novo e Embalado - Estoque: Pronta Entrega (1 unidade) DIFERENCIAIS DA MARCA FASHION SHINE: ✔ Verniz de proteção de alta durabilidade (brilho prolongado). ✔ Design moderno, leve e sofisticado. ✔ Acabamento artesanal com rigoroso controle de qualidade. ✔ Excelente opção para presentear alguém especial. DICAS DE CONSERVAÇÃO: - Evite contato direto com perfumes, cremes e produtos químicos. - Retire suas peças antes de tomar banho de mar ou piscina. - Guarde individualmente em local seco e protegido da luz. Garantia de satisfação e envio imediato com nota fiscal."
"FS-OCULOS_AZUL_LARGO_01";"Óculos de Sol Oculos Azul Largo Proteção UV400 Ref 01";"40";"1";"Óculos de Sol";"http://http2.mlstatic.com/D_NQ_NP_850495-MLB114033498212_072026-F.jpg";"MLB4972136233";"Óculos de Sol Oculos Azul Largo Proteção UV400 Ref 01 - Fashion Shine 📷 ANÚNCIO COM GALERIA COMPLETA: Inclui 3 fotos em alta resolução mostrando diferentes ângulos e detalhes reais da peça. Modelagem exclusiva de alta qualidade para compor seu visual com sofisticação e total proteção solar. FICHA TÉCNICA: - Marca: Fashion Shine - Modelo / Linha: Óculos de Sol Premium - Proteção Solar: Lentes com Proteção UV400 (UVA/UVB) - Código SKU: FS-OCULOS_AZUL_LARGO_01 - Preço: R$ 40,00 - Estoque: Produto Pronta Entrega (1 unidade) DIFERENCIAIS: ✔ Design moderno e elegante que valoriza o formato do rosto. ✔ Lentes com filtragem contra raios UVA/UVB para máximo conforto visual. ✔ Armação leve, resistente e extremamente confortável. ✔ Acompanha garantia de qualidade Fashion Shine. CUIDADOS: - Limpar as lentes com flanela macia e limpa. - Guardar em estojo protetor quando não estiver em uso. Envio rápido e seguro para todo o Brasil. Adquira já o seu!"
"FS-OCULOS_AZUL_LARGO_02";"Óculos de Sol Oculos Azul Largo Proteção UV400 Ref 02";"40";"1";"Óculos de Sol";"http://http2.mlstatic.com/D_NQ_NP_939611-MLB115353348695_072026-F.jpg";"MLB4972161947";"Óculos de Sol Oculos Azul Largo Proteção UV400 Ref 02 - Fashion Shine Modelagem exclusiva de alta qualidade para compor seu visual com sofisticação e total proteção solar. FICHA TÉCNICA: - Marca: Fashion Shine - Modelo / Linha: Óculos de Sol Premium - Proteção Solar: Lentes com Proteção UV400 (UVA/UVB) - Código SKU: FS-OCULOS_AZUL_LARGO_02 - Preço: R$ 40,00 - Estoque: Produto Pronta Entrega (1 unidade) DIFERENCIAIS: ✔ Design moderno e elegante que valoriza o formato do rosto. ✔ Lentes com filtragem contra raios UVA/UVB para máximo conforto visual. ✔ Armação leve, resistente e extremamente confortável. ✔ Acompanha garantia de qualidade Fashion Shine. CUIDADOS: - Limpar as lentes com flanela macia e limpa. - Guardar em estojo protetor quando não estiver em uso. Envio rápido e seguro para todo o Brasil. Adquira já o seu!"
"FS-OCULOS_AZUL_LARGO_03";"Óculos de Sol Oculos Azul Largo Proteção UV400 Ref 03";"40";"1";"Óculos de Sol";"http://http2.mlstatic.com/D_NQ_NP_901299-MLB114033527334_072026-F.jpg";"MLB4972136419";"Óculos de Sol Oculos Azul Largo Proteção UV400 Ref 03 - Fashion Shine Modelagem exclusiva de alta qualidade para compor seu visual com sofisticação e total proteção solar. FICHA TÉCNICA: - Marca: Fashion Shine - Modelo / Linha: Óculos de Sol Premium - Proteção Solar: Lentes com Proteção UV400 (UVA/UVB) - Código SKU: FS-OCULOS_AZUL_LARGO_03 - Preço: R$ 40,00 - Estoque: Produto Pronta Entrega (1 unidade) DIFERENCIAIS: ✔ Design moderno e elegante que valoriza o formato do rosto. ✔ Lentes com filtragem contra raios UVA/UVB para máximo conforto visual. ✔ Armação leve, resistente e extremamente confortável. ✔ Acompanha garantia de qualidade Fashion Shine. CUIDADOS: - Limpar as lentes com flanela macia e limpa. - Guardar em estojo protetor quando não estiver em uso. Envio rápido e seguro para todo o Brasil. Adquira já o seu!"
"FS-OCULOS_AZUL_LARGO_04";"Óculos de Sol Oculos Azul Largo Proteção UV400 Ref 04";"40";"1";"Óculos de Sol";"http://http2.mlstatic.com/D_NQ_NP_649930-MLB114033705232_072026-F.jpg";"MLB4972136537";"Óculos de Sol Oculos Azul Largo Proteção UV400 Ref 04 - Fashion Shine 📷 ANÚNCIO COM GALERIA COMPLETA: Inclui 4 fotos em alta resolução mostrando diferentes ângulos e detalhes reais da peça. Modelagem exclusiva de alta qualidade para compor seu visual com sofisticação e total proteção solar. FICHA TÉCNICA: - Marca: Fashion Shine - Modelo / Linha: Óculos de Sol Premium - Proteção Solar: Lentes com Proteção UV400 (UVA/UVB) - Código SKU: FS-OCULOS_AZUL_LARGO_04 - Preço: R$ 40,00 - Estoque: Produto Pronta Entrega (1 unidade) DIFERENCIAIS: ✔ Design moderno e elegante que valoriza o formato do rosto. ✔ Lentes com filtragem contra raios UVA/UVB para máximo conforto visual. ✔ Armação leve, resistente e extremamente confortável. ✔ Acompanha garantia de qualidade Fashion Shine. CUIDADOS: - Limpar as lentes com flanela macia e limpa. - Guardar em estojo protetor quando não estiver em uso. Envio rápido e seguro para todo o Brasil. Adquira já o seu!"
"FS-OCULOS_AZUL_LARGO_05";"Óculos de Sol Oculos Azul Largo Proteção UV400 Ref 05";"40";"1";"Óculos de Sol";"http://http2.mlstatic.com/D_NQ_NP_711753-MLB115353659955_072026-F.jpg";"MLB4972149433";"Óculos de Sol Oculos Azul Largo Proteção UV400 Ref 05 - Fashion Shine 📷 ANÚNCIO COM GALERIA COMPLETA: Inclui 3 fotos em alta resolução mostrando diferentes ângulos e detalhes reais da peça. Modelagem exclusiva de alta qualidade para compor seu visual com sofisticação e total proteção solar. FICHA TÉCNICA: - Marca: Fashion Shine - Modelo / Linha: Óculos de Sol Premium - Proteção Solar: Lentes com Proteção UV400 (UVA/UVB) - Código SKU: FS-OCULOS_AZUL_LARGO_05 - Preço: R$ 40,00 - Estoque: Produto Pronta Entrega (1 unidade) DIFERENCIAIS: ✔ Design moderno e elegante que valoriza o formato do rosto. ✔ Lentes com filtragem contra raios UVA/UVB para máximo conforto visual. ✔ Armação leve, resistente e extremamente confortável. ✔ Acompanha garantia de qualidade Fashion Shine. CUIDADOS: - Limpar as lentes com flanela macia e limpa. - Guardar em estojo protetor quando não estiver em uso. Envio rápido e seguro para todo o Brasil. Adquira já o seu!"
"FS-OCULOS_AZUL_LARGO_06";"Óculos de Sol Oculos Azul Largo Proteção UV400 Ref 06";"40";"1";"Óculos de Sol";"http://http2.mlstatic.com/D_NQ_NP_830925-MLB114033527546_072026-F.jpg";"MLB4972149497";"Óculos de Sol Oculos Azul Largo Proteção UV400 Ref 06 - Fashion Shine Modelagem exclusiva de alta qualidade para compor seu visual com sofisticação e total proteção solar. FICHA TÉCNICA: - Marca: Fashion Shine - Modelo / Linha: Óculos de Sol Premium - Proteção Solar: Lentes com Proteção UV400 (UVA/UVB) - Código SKU: FS-OCULOS_AZUL_LARGO_06 - Preço: R$ 40,00 - Estoque: Produto Pronta Entrega (1 unidade) DIFERENCIAIS: ✔ Design moderno e elegante que valoriza o formato do rosto. ✔ Lentes com filtragem contra raios UVA/UVB para máximo conforto visual. ✔ Armação leve, resistente e extremamente confortável. ✔ Acompanha garantia de qualidade Fashion Shine. CUIDADOS: - Limpar as lentes com flanela macia e limpa. - Guardar em estojo protetor quando não estiver em uso. Envio rápido e seguro para todo o Brasil. Adquira já o seu!"
"FS-OCULOS_AZUL_LARGO_07";"Óculos de Sol Oculos Azul Largo Proteção UV400 Ref 07";"40";"1";"Óculos de Sol";"http://http2.mlstatic.com/D_NQ_NP_722466-MLB115353171565_072026-F.jpg";"MLB4972149559";"Óculos de Sol Oculos Azul Largo Proteção UV400 Ref 07 - Fashion Shine Modelagem exclusiva de alta qualidade para compor seu visual com sofisticação e total proteção solar. FICHA TÉCNICA: - Marca: Fashion Shine - Modelo / Linha: Óculos de Sol Premium - Proteção Solar: Lentes com Proteção UV400 (UVA/UVB) - Código SKU: FS-OCULOS_AZUL_LARGO_07 - Preço: R$ 40,00 - Estoque: Produto Pronta Entrega (1 unidade) DIFERENCIAIS: ✔ Design moderno e elegante que valoriza o formato do rosto. ✔ Lentes com filtragem contra raios UVA/UVB para máximo conforto visual. ✔ Armação leve, resistente e extremamente confortável. ✔ Acompanha garantia de qualidade Fashion Shine. CUIDADOS: - Limpar as lentes com flanela macia e limpa. - Guardar em estojo protetor quando não estiver em uso. Envio rápido e seguro para todo o Brasil. Adquira já o seu!"
"FS-OCULOS_AZUL_LARGO_08";"Óculos de Sol Oculos Azul Largo Proteção UV400 Ref 08";"40";"1";"Óculos de Sol";"http://http2.mlstatic.com/D_NQ_NP_872428-MLB115353492971_072026-F.jpg";"MLB4972149639";"Óculos de Sol Oculos Azul Largo Proteção UV400 Ref 08 - Fashion Shine Modelagem exclusiva de alta qualidade para compor seu visual com sofisticação e total proteção solar. FICHA TÉCNICA: - Marca: Fashion Shine - Modelo / Linha: Óculos de Sol Premium - Proteção Solar: Lentes com Proteção UV400 (UVA/UVB) - Código SKU: FS-OCULOS_AZUL_LARGO_08 - Preço: R$ 40,00 - Estoque: Produto Pronta Entrega (1 unidade) DIFERENCIAIS: ✔ Design moderno e elegante que valoriza o formato do rosto. ✔ Lentes com filtragem contra raios UVA/UVB para máximo conforto visual. ✔ Armação leve, resistente e extremamente confortável. ✔ Acompanha garantia de qualidade Fashion Shine. CUIDADOS: - Limpar as lentes com flanela macia e limpa. - Guardar em estojo protetor quando não estiver em uso. Envio rápido e seguro para todo o Brasil. Adquira já o seu!"
"FS-OCULOS_DOURADO_COMPACTO_01";"Óculos de Sol Oculos Dourado Compacto Proteção UV400 Ref 01";"40";"1";"Óculos de Sol";"http://http2.mlstatic.com/D_NQ_NP_803016-MLB115353493027_072026-F.jpg";"MLB4972149709";"Óculos de Sol Oculos Dourado Compacto Proteção UV400 Ref 01 - Fashion Shine Modelagem exclusiva de alta qualidade para compor seu visual com sofisticação e total proteção solar. FICHA TÉCNICA: - Marca: Fashion Shine - Modelo / Linha: Óculos de Sol Premium - Proteção Solar: Lentes com Proteção UV400 (UVA/UVB) - Código SKU: FS-OCULOS_DOURADO_COMPACTO_01 - Preço: R$ 40,00 - Estoque: Produto Pronta Entrega (1 unidade) DIFERENCIAIS: ✔ Design moderno e elegante que valoriza o formato do rosto. ✔ Lentes com filtragem contra raios UVA/UVB para máximo conforto visual. ✔ Armação leve, resistente e extremamente confortável. ✔ Acompanha garantia de qualidade Fashion Shine. CUIDADOS: - Limpar as lentes com flanela macia e limpa. - Guardar em estojo protetor quando não estiver em uso. Envio rápido e seguro para todo o Brasil. Adquira já o seu!"
"FS-OCULOS_DOURADO_LARGO_01";"Óculos de Sol Oculos Dourado Largo Proteção UV400 Ref 01";"40";"1";"Óculos de Sol";"http://http2.mlstatic.com/D_NQ_NP_692861-MLB114033498788_072026-F.jpg";"MLB4972149819";"Óculos de Sol Oculos Dourado Largo Proteção UV400 Ref 01 - Fashion Shine 📷 ANÚNCIO COM GALERIA COMPLETA: Inclui 3 fotos em alta resolução mostrando diferentes ângulos e detalhes reais da peça. Modelagem exclusiva de alta qualidade para compor seu visual com sofisticação e total proteção solar. FICHA TÉCNICA: - Marca: Fashion Shine - Modelo / Linha: Óculos de Sol Premium - Proteção Solar: Lentes com Proteção UV400 (UVA/UVB) - Código SKU: FS-OCULOS_DOURADO_LARGO_01 - Preço: R$ 40,00 - Estoque: Produto Pronta Entrega (1 unidade) DIFERENCIAIS: ✔ Design moderno e elegante que valoriza o formato do rosto. ✔ Lentes com filtragem contra raios UVA/UVB para máximo conforto visual. ✔ Armação leve, resistente e extremamente confortável. ✔ Acompanha garantia de qualidade Fashion Shine. CUIDADOS: - Limpar as lentes com flanela macia e limpa. - Guardar em estojo protetor quando não estiver em uso. Envio rápido e seguro para todo o Brasil. Adquira já o seu!"
"FS-OCULOS_DOURADO_LARGO_02";"Óculos de Sol Oculos Dourado Largo Proteção UV400 Ref 02";"40";"1";"Óculos de Sol";"http://http2.mlstatic.com/D_NQ_NP_850042-MLB115353604681_072026-F.jpg";"MLB4972162639";"Óculos de Sol Oculos Dourado Largo Proteção UV400 Ref 02 - Fashion Shine Modelagem exclusiva de alta qualidade para compor seu visual com sofisticação e total proteção solar. FICHA TÉCNICA: - Marca: Fashion Shine - Modelo / Linha: Óculos de Sol Premium - Proteção Solar: Lentes com Proteção UV400 (UVA/UVB) - Código SKU: FS-OCULOS_DOURADO_LARGO_02 - Preço: R$ 40,00 - Estoque: Produto Pronta Entrega (1 unidade) DIFERENCIAIS: ✔ Design moderno e elegante que valoriza o formato do rosto. ✔ Lentes com filtragem contra raios UVA/UVB para máximo conforto visual. ✔ Armação leve, resistente e extremamente confortável. ✔ Acompanha garantia de qualidade Fashion Shine. CUIDADOS: - Limpar as lentes com flanela macia e limpa. - Guardar em estojo protetor quando não estiver em uso. Envio rápido e seguro para todo o Brasil. Adquira já o seu!"
"FS-OCULOS_DOURADO_LARGO_03";"Óculos de Sol Oculos Dourado Largo Proteção UV400 Ref 03";"40";"1";"Óculos de Sol";"http://http2.mlstatic.com/D_NQ_NP_706509-MLB114033527912_072026-F.jpg";"MLB4972137213";"Óculos de Sol Oculos Dourado Largo Proteção UV400 Ref 03 - Fashion Shine 📷 ANÚNCIO COM GALERIA COMPLETA: Inclui 2 fotos em alta resolução mostrando diferentes ângulos e detalhes reais da peça. Modelagem exclusiva de alta qualidade para compor seu visual com sofisticação e total proteção solar. FICHA TÉCNICA: - Marca: Fashion Shine - Modelo / Linha: Óculos de Sol Premium - Proteção Solar: Lentes com Proteção UV400 (UVA/UVB) - Código SKU: FS-OCULOS_DOURADO_LARGO_03 - Preço: R$ 40,00 - Estoque: Produto Pronta Entrega (1 unidade) DIFERENCIAIS: ✔ Design moderno e elegante que valoriza o formato do rosto. ✔ Lentes com filtragem contra raios UVA/UVB para máximo conforto visual. ✔ Armação leve, resistente e extremamente confortável. ✔ Acompanha garantia de qualidade Fashion Shine. CUIDADOS: - Limpar as lentes com flanela macia e limpa. - Guardar em estojo protetor quando não estiver em uso. Envio rápido e seguro para todo o Brasil. Adquira já o seu!"
"FS-OCULOS_DOURADO_LARGO_04";"Óculos de Sol Oculos Dourado Largo Proteção UV400 Ref 04";"40";"1";"Óculos de Sol";"http://http2.mlstatic.com/D_NQ_NP_705003-MLB114033616854_072026-F.jpg";"MLB4972137291";"Óculos de Sol Oculos Dourado Largo Proteção UV400 Ref 04 - Fashion Shine Modelagem exclusiva de alta qualidade para compor seu visual com sofisticação e total proteção solar. FICHA TÉCNICA: - Marca: Fashion Shine - Modelo / Linha: Óculos de Sol Premium - Proteção Solar: Lentes com Proteção UV400 (UVA/UVB) - Código SKU: FS-OCULOS_DOURADO_LARGO_04 - Preço: R$ 40,00 - Estoque: Produto Pronta Entrega (1 unidade) DIFERENCIAIS: ✔ Design moderno e elegante que valoriza o formato do rosto. ✔ Lentes com filtragem contra raios UVA/UVB para máximo conforto visual. ✔ Armação leve, resistente e extremamente confortável. ✔ Acompanha garantia de qualidade Fashion Shine. CUIDADOS: - Limpar as lentes com flanela macia e limpa. - Guardar em estojo protetor quando não estiver em uso. Envio rápido e seguro para todo o Brasil. Adquira já o seu!"
"FS-OCULOS_METAL_LARGO_01";"Óculos de Sol Oculos Metal Largo Proteção UV400 Ref 01";"40";"1";"Óculos de Sol";"http://http2.mlstatic.com/D_NQ_NP_750359-MLB115353171971_072026-F.jpg";"MLB4972137411";"Óculos de Sol Oculos Metal Largo Proteção UV400 Ref 01 - Fashion Shine 📷 ANÚNCIO COM GALERIA COMPLETA: Inclui 4 fotos em alta resolução mostrando diferentes ângulos e detalhes reais da peça. Modelagem exclusiva de alta qualidade para compor seu visual com sofisticação e total proteção solar. FICHA TÉCNICA: - Marca: Fashion Shine - Modelo / Linha: Óculos de Sol Premium - Proteção Solar: Lentes com Proteção UV400 (UVA/UVB) - Código SKU: FS-OCULOS_METAL_LARGO_01 - Preço: R$ 40,00 - Estoque: Produto Pronta Entrega (1 unidade) DIFERENCIAIS: ✔ Design moderno e elegante que valoriza o formato do rosto. ✔ Lentes com filtragem contra raios UVA/UVB para máximo conforto visual. ✔ Armação leve, resistente e extremamente confortável. ✔ Acompanha garantia de qualidade Fashion Shine. CUIDADOS: - Limpar as lentes com flanela macia e limpa. - Guardar em estojo protetor quando não estiver em uso. Envio rápido e seguro para todo o Brasil. Adquira já o seu!"
"FS-OCULOS_METAL_LARGO_02";"Óculos de Sol Oculos Metal Largo Proteção UV400 Ref 02";"40";"1";"Óculos de Sol";"http://http2.mlstatic.com/D_NQ_NP_890893-MLB115353113209_072026-F.jpg";"MLB4972162985";"Óculos de Sol Oculos Metal Largo Proteção UV400 Ref 02 - Fashion Shine 📷 ANÚNCIO COM GALERIA COMPLETA: Inclui 2 fotos em alta resolução mostrando diferentes ângulos e detalhes reais da peça. Modelagem exclusiva de alta qualidade para compor seu visual com sofisticação e total proteção solar. FICHA TÉCNICA: - Marca: Fashion Shine - Modelo / Linha: Óculos de Sol Premium - Proteção Solar: Lentes com Proteção UV400 (UVA/UVB) - Código SKU: FS-OCULOS_METAL_LARGO_02 - Preço: R$ 40,00 - Estoque: Produto Pronta Entrega (1 unidade) DIFERENCIAIS: ✔ Design moderno e elegante que valoriza o formato do rosto. ✔ Lentes com filtragem contra raios UVA/UVB para máximo conforto visual. ✔ Armação leve, resistente e extremamente confortável. ✔ Acompanha garantia de qualidade Fashion Shine. CUIDADOS: - Limpar as lentes com flanela macia e limpa. - Guardar em estojo protetor quando não estiver em uso. Envio rápido e seguro para todo o Brasil. Adquira já o seu!"
"FS-OCULOS_PRETO_LARGO_01";"Óculos de Sol Oculos Preto Largo Proteção UV400 Ref 01";"40";"1";"Óculos de Sol";"http://http2.mlstatic.com/D_NQ_NP_983085-MLB115353349577_072026-F.jpg";"MLB4972137587";"Óculos de Sol Oculos Preto Largo Proteção UV400 Ref 01 - Fashion Shine 📷 ANÚNCIO COM GALERIA COMPLETA: Inclui 3 fotos em alta resolução mostrando diferentes ângulos e detalhes reais da peça. Modelagem exclusiva de alta qualidade para compor seu visual com sofisticação e total proteção solar. FICHA TÉCNICA: - Marca: Fashion Shine - Modelo / Linha: Óculos de Sol Premium - Proteção Solar: Lentes com Proteção UV400 (UVA/UVB) - Código SKU: FS-OCULOS_PRETO_LARGO_01 - Preço: R$ 40,00 - Estoque: Produto Pronta Entrega (1 unidade) DIFERENCIAIS: ✔ Design moderno e elegante que valoriza o formato do rosto. ✔ Lentes com filtragem contra raios UVA/UVB para máximo conforto visual. ✔ Armação leve, resistente e extremamente confortável. ✔ Acompanha garantia de qualidade Fashion Shine. CUIDADOS: - Limpar as lentes com flanela macia e limpa. - Guardar em estojo protetor quando não estiver em uso. Envio rápido e seguro para todo o Brasil. Adquira já o seu!"
"FS-OCULOS_VERDE_LARGO_01";"Óculos de Sol Oculos Verde Largo Proteção UV400 Ref 01";"40";"1";"Óculos de Sol";"http://http2.mlstatic.com/D_NQ_NP_839685-MLB114033499284_072026-F.jpg";"MLB4972163169";"Óculos de Sol Oculos Verde Largo Proteção UV400 Ref 01 - Fashion Shine Modelagem exclusiva de alta qualidade para compor seu visual com sofisticação e total proteção solar. FICHA TÉCNICA: - Marca: Fashion Shine - Modelo / Linha: Óculos de Sol Premium - Proteção Solar: Lentes com Proteção UV400 (UVA/UVB) - Código SKU: FS-OCULOS_VERDE_LARGO_01 - Preço: R$ 40,00 - Estoque: Produto Pronta Entrega (1 unidade) DIFERENCIAIS: ✔ Design moderno e elegante que valoriza o formato do rosto. ✔ Lentes com filtragem contra raios UVA/UVB para máximo conforto visual. ✔ Armação leve, resistente e extremamente confortável. ✔ Acompanha garantia de qualidade Fashion Shine. CUIDADOS: - Limpar as lentes com flanela macia e limpa. - Guardar em estojo protetor quando não estiver em uso. Envio rápido e seguro para todo o Brasil. Adquira já o seu!"
"FS-OCULOS_VERDE_LARGO_02";"Óculos de Sol Oculos Verde Largo Proteção UV400 Ref 02";"40";"1";"Óculos de Sol";"http://http2.mlstatic.com/D_NQ_NP_717529-MLB114033646712_072026-F.jpg";"MLB4972137713";"Óculos de Sol Oculos Verde Largo Proteção UV400 Ref 02 - Fashion Shine Modelagem exclusiva de alta qualidade para compor seu visual com sofisticação e total proteção solar. FICHA TÉCNICA: - Marca: Fashion Shine - Modelo / Linha: Óculos de Sol Premium - Proteção Solar: Lentes com Proteção UV400 (UVA/UVB) - Código SKU: FS-OCULOS_VERDE_LARGO_02 - Preço: R$ 40,00 - Estoque: Produto Pronta Entrega (1 unidade) DIFERENCIAIS: ✔ Design moderno e elegante que valoriza o formato do rosto. ✔ Lentes com filtragem contra raios UVA/UVB para máximo conforto visual. ✔ Armação leve, resistente e extremamente confortável. ✔ Acompanha garantia de qualidade Fashion Shine. CUIDADOS: - Limpar as lentes com flanela macia e limpa. - Guardar em estojo protetor quando não estiver em uso. Envio rápido e seguro para todo o Brasil. Adquira já o seu!"
"FS-OCULOS_VERDE_LARGO_03";"Óculos de Sol Oculos Verde Largo Proteção UV400 Ref 03";"40";"1";"Óculos de Sol";"http://http2.mlstatic.com/D_NQ_NP_875936-MLB114033469800_072026-F.jpg";"MLB4972137791";"Óculos de Sol Oculos Verde Largo Proteção UV400 Ref 03 - Fashion Shine 📷 ANÚNCIO COM GALERIA COMPLETA: Inclui 2 fotos em alta resolução mostrando diferentes ângulos e detalhes reais da peça. Modelagem exclusiva de alta qualidade para compor seu visual com sofisticação e total proteção solar. FICHA TÉCNICA: - Marca: Fashion Shine - Modelo / Linha: Óculos de Sol Premium - Proteção Solar: Lentes com Proteção UV400 (UVA/UVB) - Código SKU: FS-OCULOS_VERDE_LARGO_03 - Preço: R$ 40,00 - Estoque: Produto Pronta Entrega (1 unidade) DIFERENCIAIS: ✔ Design moderno e elegante que valoriza o formato do rosto. ✔ Lentes com filtragem contra raios UVA/UVB para máximo conforto visual. ✔ Armação leve, resistente e extremamente confortável. ✔ Acompanha garantia de qualidade Fashion Shine. CUIDADOS: - Limpar as lentes com flanela macia e limpa. - Guardar em estojo protetor quando não estiver em uso. Envio rápido e seguro para todo o Brasil. Adquira já o seu!"
"FS-PULSEIRA_DOURADO_COMPACTO_01";"Pulseira Dourado Compacto Feminina Banhada Ouro Ref 01";"40";"1";"Pulseiras";"http://http2.mlstatic.com/D_NQ_NP_690876-MLB115353659311_072026-F.jpg";"MLB4972135681";"Pulseira Dourado Compacto Feminina Banhada Ouro Ref 01 - Fashion Shine Semijoia fina de altíssima qualidade com banho nobre antialérgico, desenvolvida para realçar a beleza e elegância feminina em qualquer ocasião. FICHA TÉCNICA: - Marca: Fashion Shine - Categoria: Pulseiras - Banho: Ouro 18k / Ródio Nobre Hipoalergênico (Livre de Níquel) - Código SKU: FS-PULSEIRA_DOURADO_COMPACTO_01 - Preço: R$ 40,00 - Condição: Produto Novo e Embalado - Estoque: Pronta Entrega (1 unidade) DIFERENCIAIS DA MARCA FASHION SHINE: ✔ Verniz de proteção de alta durabilidade (brilho prolongado). ✔ Design moderno, leve e sofisticado. ✔ Acabamento artesanal com rigoroso controle de qualidade. ✔ Excelente opção para presentear alguém especial. DICAS DE CONSERVAÇÃO: - Evite contato direto com perfumes, cremes e produtos químicos. - Retire suas peças antes de tomar banho de mar ou piscina. - Guarde individualmente em local seco e protegido da luz. Garantia de satisfação e envio imediato com nota fiscal."
"FS-PULSEIRA_METAL_COMPACTO_01";"Pulseira Metal Compacto Feminina Banhada Ouro Ref 01";"40";"1";"Pulseiras";"http://http2.mlstatic.com/D_NQ_NP_610531-MLB114033497938_072026-F.jpg";"MLB4972161351";"Pulseira Metal Compacto Feminina Banhada Ouro Ref 01 - Fashion Shine Semijoia fina de altíssima qualidade com banho nobre antialérgico, desenvolvida para realçar a beleza e elegância feminina em qualquer ocasião. FICHA TÉCNICA: - Marca: Fashion Shine - Categoria: Pulseiras - Banho: Ouro 18k / Ródio Nobre Hipoalergênico (Livre de Níquel) - Código SKU: FS-PULSEIRA_METAL_COMPACTO_01 - Preço: R$ 40,00 - Condição: Produto Novo e Embalado - Estoque: Pronta Entrega (1 unidade) DIFERENCIAIS DA MARCA FASHION SHINE: ✔ Verniz de proteção de alta durabilidade (brilho prolongado). ✔ Design moderno, leve e sofisticado. ✔ Acabamento artesanal com rigoroso controle de qualidade. ✔ Excelente opção para presentear alguém especial. DICAS DE CONSERVAÇÃO: - Evite contato direto com perfumes, cremes e produtos químicos. - Retire suas peças antes de tomar banho de mar ou piscina. - Guarde individualmente em local seco e protegido da luz. Garantia de satisfação e envio imediato com nota fiscal."
"FS-PULSEIRA_PRETO_COMPACTO_01";"Pulseira Preto Compacto Feminina Banhada Ouro Ref 01";"40";"1";"Pulseiras";"http://http2.mlstatic.com/D_NQ_NP_881331-MLB115353112115_072026-F.jpg";"MLB4972161493";"Pulseira Preto Compacto Feminina Banhada Ouro Ref 01 - Fashion Shine 📷 ANÚNCIO COM GALERIA COMPLETA: Inclui 2 fotos em alta resolução mostrando diferentes ângulos e detalhes reais da peça. Semijoia fina de altíssima qualidade com banho nobre antialérgico, desenvolvida para realçar a beleza e elegância feminina em qualquer ocasião. FICHA TÉCNICA: - Marca: Fashion Shine - Categoria: Pulseiras - Banho: Ouro 18k / Ródio Nobre Hipoalergênico (Livre de Níquel) - Código SKU: FS-PULSEIRA_PRETO_COMPACTO_01 - Preço: R$ 40,00 - Condição: Produto Novo e Embalado - Estoque: Pronta Entrega (1 unidade) DIFERENCIAIS DA MARCA FASHION SHINE: ✔ Verniz de proteção de alta durabilidade (brilho prolongado). ✔ Design moderno, leve e sofisticado. ✔ Acabamento artesanal com rigoroso controle de qualidade. ✔ Excelente opção para presentear alguém especial. DICAS DE CONSERVAÇÃO: - Evite contato direto com perfumes, cremes e produtos químicos. - Retire suas peças antes de tomar banho de mar ou piscina. - Guarde individualmente em local seco e protegido da luz. Garantia de satisfação e envio imediato com nota fiscal."
"FS-PULSEIRA_PRETO_LARGO_01";"Pulseira Preto Largo Feminina Banhada Ouro Ref 01";"40";"1";"Pulseiras";"http://http2.mlstatic.com/D_NQ_NP_822114-MLB115353053645_072026-F.jpg";"MLB4972136019";"Pulseira Preto Largo Feminina Banhada Ouro Ref 01 - Fashion Shine 📷 ANÚNCIO COM GALERIA COMPLETA: Inclui 2 fotos em alta resolução mostrando diferentes ângulos e detalhes reais da peça. Semijoia fina de altíssima qualidade com banho nobre antialérgico, desenvolvida para realçar a beleza e elegância feminina em qualquer ocasião. FICHA TÉCNICA: - Marca: Fashion Shine - Categoria: Pulseiras - Banho: Ouro 18k / Ródio Nobre Hipoalergênico (Livre de Níquel) - Código SKU: FS-PULSEIRA_PRETO_LARGO_01 - Preço: R$ 40,00 - Condição: Produto Novo e Embalado - Estoque: Pronta Entrega (1 unidade) DIFERENCIAIS DA MARCA FASHION SHINE: ✔ Verniz de proteção de alta durabilidade (brilho prolongado). ✔ Design moderno, leve e sofisticado. ✔ Acabamento artesanal com rigoroso controle de qualidade. ✔ Excelente opção para presentear alguém especial. DICAS DE CONSERVAÇÃO: - Evite contato direto com perfumes, cremes e produtos químicos. - Retire suas peças antes de tomar banho de mar ou piscina. - Guarde individualmente em local seco e protegido da luz. Garantia de satisfação e envio imediato com nota fiscal."
"FS-PULSEIRA_VERDE_COMPACTO_01";"Pulseira Verde Compacto Feminina Banhada Ouro Ref 01";"40";"1";"Pulseiras";"http://http2.mlstatic.com/D_NQ_NP_744582-MLB114033468610_072026-F.jpg";"MLB4972161747";"Pulseira Verde Compacto Feminina Banhada Ouro Ref 01 - Fashion Shine 📷 ANÚNCIO COM GALERIA COMPLETA: Inclui 2 fotos em alta resolução mostrando diferentes ângulos e detalhes reais da peça. Semijoia fina de altíssima qualidade com banho nobre antialérgico, desenvolvida para realçar a beleza e elegância feminina em qualquer ocasião. FICHA TÉCNICA: - Marca: Fashion Shine - Categoria: Pulseiras - Banho: Ouro 18k / Ródio Nobre Hipoalergênico (Livre de Níquel) - Código SKU: FS-PULSEIRA_VERDE_COMPACTO_01 - Preço: R$ 40,00 - Condição: Produto Novo e Embalado - Estoque: Pronta Entrega (1 unidade) DIFERENCIAIS DA MARCA FASHION SHINE: ✔ Verniz de proteção de alta durabilidade (brilho prolongado). ✔ Design moderno, leve e sofisticado. ✔ Acabamento artesanal com rigoroso controle de qualidade. ✔ Excelente opção para presentear alguém especial. DICAS DE CONSERVAÇÃO: - Evite contato direto com perfumes, cremes e produtos químicos. - Retire suas peças antes de tomar banho de mar ou piscina. - Guarde individualmente em local seco e protegido da luz. Garantia de satisfação e envio imediato com nota fiscal."